Alex,ABC,Lee Anderson,user0@example.com,419920,Electricity:402.9-Gas:117.9-,
Lee,fm3lvpe8,John Thomas,user1@example.com,280081,Electricity:173.9-Gas:405.2-,
Sam,url8ewcw,Alex Anderson,user2@example.com,207534,Electricity:184.2-Gas:494.9-,
Sam,pyiqovl5,Chris Brown,user3@example.com,348352,Electricity:184.2-Gas:494.9-,
Mark,g4tb3ptk,Alex Wilson,user4@example.com,943673,Electricity:443.8-Gas:165.4-,
Jill,onpjxsyp,John Brown,user5@example.com,710139,Electricity:461.3-Gas:206.6-,
Max,fang6mwo,John Smith,user6@example.com,601016,Electricity:259.9-Gas:254.2-,
Max,5y33kg0x,Sam Taylor,user7@example.com,939428,Electricity:259.9-Gas:254.2-,
Sam,3objd3lh,Sam White,user8@example.com,070424,Electricity:184.2-Gas:494.9-,
Lee,d2ywa5m8,Lee Harris,user9@example.com,797786,Electricity:173.9-Gas:405.2-,
Alex,6x0ndqka,Sam White,user10@example.com,076461,Electricity:402.9-Gas:117.9-,
Max,vgkt5rt8,Pat Brown,user11@example.com,605064,Electricity:259.9-Gas:254.2-,
Lee,ftpta342,Mark Harris,user12@example.com,378306,Electricity:173.9-Gas:405.2-,
Max,r3b8svky,Alex Harris,user13@example.com,442595,Electricity:259.9-Gas:254.2-,
John,5gu6zy67,Jill Wilson,user14@example.com,708401,Electricity:119.4-Gas:164.2-,
Pat,f2b3g6z0,Jill Jackson,user15@example.com,837257,Electricity:208.8-Gas:383.0-,
Chris,7e7axdi9,John White,user16@example.com,285458,Electricity:453.8-Gas:280.1-,
Pat,0l961qqr,Jill Smith,user17@example.com,980933,Electricity:208.8-Gas:383.0-,
Mark,kjonrt72,Sam Anderson,user18@example.com,389901,Electricity:443.8-Gas:165.4-,
Alex,542g43ev,John Smith,user19@example.com,940033,Electricity:402.9-Gas:117.9-,
Max,u7j17nz0,Sam Smith,user20@example.com,465079,Electricity:259.9-Gas:254.2-,
Jack,zvp9adqn,Pat Brown,user21@example.com,973253,Electricity:215.5-Gas:463.5-,
Jill,2y2gu5o6,Max Jackson,user22@example.com,359427,Electricity:461.3-Gas:206.6-,
Lee,86quoyoc,Max Jackson,user23@example.com,295882,Electricity:173.9-Gas:405.2-,
Mark,95lds3c7,Alex Harris,user24@example.com,783256,Electricity:443.8-Gas:165.4-,
John,23f0ui1f,Pat Anderson,user25@example.com,982162,Electricity:119.4-Gas:164.2-,
Mark,ynr6tmkz,Pat Anderson,user26@example.com,088927,Electricity:443.8-Gas:165.4-,
Alex,v05dre9o,Pat Smith,user27@example.com,199796,Electricity:402.9-Gas:117.9-,
Lee,24oggcm0,John White,user28@example.com,572403,Electricity:173.9-Gas:405.2-,
Mark,obmktewf,Jack Brown,user29@example.com,811311,Electricity:443.8-Gas:165.4-,
Lee,n214u0yh,Sam Jackson,user30@example.com,719553,Electricity:173.9-Gas:405.2-,
Alex,2v4x42xd,Max Brown,user31@example.com,925881,Electricity:402.9-Gas:117.9-,
Max,anxzy4iv,Sam Doe,user32@example.com,503507,Electricity:259.9-Gas:254.2-,
Pat,iv8b8e83,Alex Thomas,user33@example.com,903714,Electricity:208.8-Gas:383.0-,
Sam,dv58369s,Lee Jackson,user34@example.com,409389,Electricity:184.2-Gas:494.9-,
John,ciurmuv9,Lee Taylor,user35@example.com,904723,Electricity:119.4-Gas:164.2-,
Jack,rq4x6b9n,Jill Taylor,user36@example.com,405921,Electricity:215.5-Gas:463.5-,
Mark,jxfz8w1a,Chris Jackson,user37@example.com,511403,Electricity:443.8-Gas:165.4-,
Sam,ow6x2bo1,Max Brown,user38@example.com,653928,Electricity:184.2-Gas:494.9-,
Sam,e0xl8tkb,Alex Thomas,user39@example.com,839629,Electricity:184.2-Gas:494.9-,
Sam,echr43qe,Jill Doe,user40@example.com,996175,Electricity:184.2-Gas:494.9-,
Pat,79s137de,Chris White,user41@example.com,342990,Electricity:208.8-Gas:383.0-,
Sam,muuo7jyz,Lee Doe,user42@example.com,991486,Electricity:184.2-Gas:494.9-,
Jill,z5g2cpsw,Chris Wilson,user43@example.com,633716,Electricity:461.3-Gas:206.6-,
Pat,viqkakvs,Alex Jackson,user44@example.com,277821,Electricity:208.8-Gas:383.0-,
Pat,1rvwp2pj,Jill Harris,user45@example.com,747396,Electricity:208.8-Gas:383.0-,
Pat,x64w3xnz,Jack Thomas,user46@example.com,380005,Electricity:208.8-Gas:383.0-,
Sam,3ot5hhhf,Sam Brown,user47@example.com,500557,Electricity:184.2-Gas:494.9-,
Max,08i0h71x,Pat White,user48@example.com,287870,Electricity:259.9-Gas:254.2-,
Max,hldvkyvm,Max White,user49@example.com,736648,Electricity:259.9-Gas:254.2-,
Pat,kqhvrdww,Sam Doe,user50@example.com,259061,Electricity:208.8-Gas:383.0-,
Mark,p2vjfr5s,Alex Smith,user51@example.com,649514,Electricity:443.8-Gas:165.4-,
Chris,05b5be5q,Mark Smith,user52@example.com,430344,Electricity:453.8-Gas:280.1-,
John,5gg0evey,Pat Jackson,user53@example.com,224853,Electricity:119.4-Gas:164.2-,
Max,qhj7tshv,John Harris,user54@example.com,412022,Electricity:259.9-Gas:254.2-,
Sam,9p2ixs3q,Pat Doe,user55@example.com,315624,Electricity:184.2-Gas:494.9-,
Pat,enw5mj0a,Max White,user56@example.com,264908,Electricity:208.8-Gas:383.0-,
Sam,xclr3wb8,Pat Brown,user57@example.com,732275,Electricity:184.2-Gas:494.9-,
Chris,3vj9434f,Chris Taylor,user58@example.com,712093,Electricity:453.8-Gas:280.1-,
John,uiwi3fdt,Alex Jackson,user59@example.com,242477,Electricity:119.4-Gas:164.2-,
Jack,af40tvc4,Mark Brown,user60@example.com,469522,Electricity:215.5-Gas:463.5-,
Sam,qhnaa04c,Jack Wilson,user61@example.com,158845,Electricity:184.2-Gas:494.9-,
Jack,8b0cnpa8,Pat Anderson,user62@example.com,269772,Electricity:215.5-Gas:463.5-,
John,ifnqvvxw,Max Harris,user63@example.com,820206,Electricity:119.4-Gas:164.2-,
John,lpi6158c,Alex Smith,user64@example.com,970562,Electricity:119.4-Gas:164.2-,
Jill,6ckc886p,Jill Doe,user65@example.com,225282,Electricity:461.3-Gas:206.6-,
Sam,h7t7647a,Jack Wilson,user66@example.com,644937,Electricity:184.2-Gas:494.9-,
Chris,70ho8zny,Mark Smith,user67@example.com,268081,Electricity:453.8-Gas:280.1-,
Lee,76mtgrv8,John Taylor,user68@example.com,007105,Electricity:173.9-Gas:405.2-,
Jill,jhmkoejb,Alex Anderson,user69@example.com,078537,Electricity:461.3-Gas:206.6-,
John,iu4du9gx,Mark Thomas,user70@example.com,712206,Electricity:119.4-Gas:164.2-,
Alex,z1gwmq8v,Lee Doe,user71@example.com,736272,Electricity:402.9-Gas:117.9-,
Chris,aod205n7,Jill Brown,user72@example.com,622835,Electricity:453.8-Gas:280.1-,
Chris,auasfclm,Jill Taylor,user73@example.com,819011,Electricity:453.8-Gas:280.1-,
Max,0memd80u,Jill Brown,user74@example.com,099799,Electricity:259.9-Gas:254.2-,
Lee,cx0a2krl,John Jackson,user75@example.com,661370,Electricity:173.9-Gas:405.2-,
Jack,swo8xae6,Mark Jackson,user76@example.com,878265,Electricity:215.5-Gas:463.5-,
John,oby8qei3,Jack Taylor,user77@example.com,222385,Electricity:119.4-Gas:164.2-,
Alex,phhkjf2j,Sam Doe,user78@example.com,094003,Electricity:402.9-Gas:117.9-,
Jill,2z623t71,Lee White,user79@example.com,380918,Electricity:461.3-Gas:206.6-,
Alex,o96i8yoj,Jill Doe,user80@example.com,478425,Electricity:402.9-Gas:117.9-,
Lee,fqrv5ung,Max Brown,user81@example.com,085008,Electricity:173.9-Gas:405.2-,
Pat,0rtgc4q0,John Jackson,user82@example.com,853067,Electricity:208.8-Gas:383.0-,
John,z8pqb7fq,Pat Wilson,user83@example.com,201765,Electricity:119.4-Gas:164.2-,
Jack,q88ljzlk,Max Brown,user84@example.com,443218,Electricity:215.5-Gas:463.5-,
Jack,xqf792to,Pat Wilson,user85@example.com,256324,Electricity:215.5-Gas:463.5-,
Chris,32pst0mk,Lee Jackson,user86@example.com,022768,Electricity:453.8-Gas:280.1-,
Chris,s19n7bvq,John Smith,user87@example.com,601327,Electricity:453.8-Gas:280.1-,
Jack,ugf3i4t6,John White,user88@example.com,226552,Electricity:215.5-Gas:463.5-,
Alex,i96t3m3q,Jack Smith,user89@example.com,248976,Electricity:402.9-Gas:117.9-,
Pat,qka3wtzd,Alex Doe,user90@example.com,673918,Electricity:208.8-Gas:383.0-,
Jill,5v0ed0jv,Sam Smith,user91@example.com,280778,Electricity:461.3-Gas:206.6-,
Sam,ygtw0r09,Alex Anderson,user92@example.com,797559,Electricity:184.2-Gas:494.9-,
Chris,7iwcjzmj,Jack Taylor,user93@example.com,115314,Electricity:453.8-Gas:280.1-,
Pat,uahxz3gb,Pat Smith,user94@example.com,944730,Electricity:208.8-Gas:383.0-,
John,wi9yqwge,Mark White,user95@example.com,394449,Electricity:119.4-Gas:164.2-,
John,lh1lv6mq,Pat Jackson,user96@example.com,969563,Electricity:119.4-Gas:164.2-,
Pat,yexfy9cy,Alex Taylor,user97@example.com,251502,Electricity:208.8-Gas:383.0-,
Alex,raxcydc3,Jack Smith,user98@example.com,263761,Electricity:402.9-Gas:117.9-,
Chris,5kj825me,Alex Anderson,user99@example.com,083236,Electricity:453.8-Gas:280.1-,
John,g9h7j8x4,Sam Brown,user100@example.com,021575,Electricity:119.4-Gas:164.2-,
Jill,uv5gxiym,Mark Taylor,user101@example.com,562324,Electricity:461.3-Gas:206.6-,
Sam,j54xwvdq,Chris Thomas,user102@example.com,440157,Electricity:184.2-Gas:494.9-,
Max,bhlmk2m0,Lee Wilson,user103@example.com,808633,Electricity:259.9-Gas:254.2-,
Chris,6uxcdda3,Max Jackson,user104@example.com,422802,Electricity:453.8-Gas:280.1-,
John,rcqw9aej,Mark Taylor,user105@example.com,984884,Electricity:119.4-Gas:164.2-,
Max,2llon8ev,Chris Jackson,user106@example.com,837690,Electricity:259.9-Gas:254.2-,
Max,dkd01nd9,Lee Smith,user107@example.com,871683,Electricity:259.9-Gas:254.2-,
Sam,dozkspnh,Sam Brown,user108@example.com,836982,Electricity:184.2-Gas:494.9-,
John,57jjh3x2,Alex Smith,user109@example.com,425333,Electricity:119.4-Gas:164.2-,
Max,dry4lw2a,Jack White,user110@example.com,490048,Electricity:259.9-Gas:254.2-,
Jill,de1u09yd,Chris Jackson,user111@example.com,284198,Electricity:461.3-Gas:206.6-,
Max,ccua46gq,Mark Wilson,user112@example.com,947125,Electricity:259.9-Gas:254.2-,
Sam,0g7nmf84,Jack Wilson,user113@example.com,014779,Electricity:184.2-Gas:494.9-,
Max,wdqb0imv,Alex Harris,user114@example.com,817881,Electricity:259.9-Gas:254.2-,
Chris,i0eojzca,Mark Brown,user115@example.com,592919,Electricity:453.8-Gas:280.1-,
Sam,tfkyhoec,Chris White,user116@example.com,412135,Electricity:184.2-Gas:494.9-,
Chris,odb2ldp1,Jill Wilson,user117@example.com,611877,Electricity:453.8-Gas:280.1-,
Alex,ny0hn7v0,Chris Thomas,user118@example.com,845978,Electricity:402.9-Gas:117.9-,
Lee,23ypujio,Lee Wilson,user119@example.com,422355,Electricity:173.9-Gas:405.2-,
Lee,rtm4gmxu,Chris Taylor,user120@example.com,210652,Electricity:173.9-Gas:405.2-,
Jack,9lxkk85h,Jill Wilson,user121@example.com,846839,Electricity:215.5-Gas:463.5-,
Jack,xqzno9cp,Jack Taylor,user122@example.com,484755,Electricity:215.5-Gas:463.5-,
John,uhhxv6mj,Mark Harris,user123@example.com,046780,Electricity:119.4-Gas:164.2-,
Sam,n5bxglvm,Mark Thomas,user124@example.com,784659,Electricity:184.2-Gas:494.9-,
Pat,a8c9ggxw,Sam Thomas,user125@example.com,862407,Electricity:208.8-Gas:383.0-,
Jill,s5dkr6tf,Alex Harris,user126@example.com,387868,Electricity:461.3-Gas:206.6-,
Sam,pmu9v5r7,Mark Jackson,user127@example.com,823816,Electricity:184.2-Gas:494.9-,
Pat,4fvu2w0s,Chris Wilson,user128@example.com,919612,Electricity:208.8-Gas:383.0-,
Pat,md9f2f0h,Max White,user129@example.com,355961,Electricity:208.8-Gas:383.0-,
John,hesumc7f,Pat Anderson,user130@example.com,941180,Electricity:119.4-Gas:164.2-,
Max,cozgyn5h,Sam Smith,user131@example.com,790462,Electricity:259.9-Gas:254.2-,
Mark,rtgzpmk4,Jack Brown,user132@example.com,419191,Electricity:443.8-Gas:165.4-,
Jill,t7b1ahvm,Jack Anderson,user133@example.com,323951,Electricity:461.3-Gas:206.6-,
John,ais1ca28,Chris Anderson,user134@example.com,057559,Electricity:119.4-Gas:164.2-,
Lee,5u7fqdc7,John Wilson,user135@example.com,746585,Electricity:173.9-Gas:405.2-,
John,2dq6je8z,Max Wilson,user136@example.com,197368,Electricity:119.4-Gas:164.2-,
Pat,ys74g9l0,Jack Harris,user137@example.com,912115,Electricity:208.8-Gas:383.0-,
Pat,u8dg5ghf,Chris Taylor,user138@example.com,877431,Electricity:208.8-Gas:383.0-,
Max,aerkanwb,Pat Brown,user139@example.com,939222,Electricity:259.9-Gas:254.2-,
Sam,44t30nby,Chris White,user140@example.com,869668,Electricity:184.2-Gas:494.9-,
Mark,mj81gr6u,Mark Smith,user141@example.com,834936,Electricity:443.8-Gas:165.4-,
Chris,ohxec8a4,Jack Wilson,user142@example.com,866738,Electricity:453.8-Gas:280.1-,
John,y34h9bwc,Alex White,user143@example.com,209980,Electricity:119.4-Gas:164.2-,
Jack,nfolruzw,Sam Anderson,user144@example.com,160243,Electricity:215.5-Gas:463.5-,
Jill,tgcx01b1,Chris Wilson,user145@example.com,256528,Electricity:461.3-Gas:206.6-,
Jack,5ngh4f4q,John Smith,user146@example.com,172539,Electricity:215.5-Gas:463.5-,
Max,1y3tcuun,Jack Doe,user147@example.com,032818,Electricity:259.9-Gas:254.2-,
Lee,feiwb9ru,Max Harris,user148@example.com,800737,Electricity:173.9-Gas:405.2-,
Max,50pi272g,Mark Smith,user149@example.com,193875,Electricity:259.9-Gas:254.2-,
Lee,243yx3ud,Alex Jackson,user150@example.com,607031,Electricity:173.9-Gas:405.2-,
Lee,qijr0pk6,Mark Smith,user151@example.com,598364,Electricity:173.9-Gas:405.2-,
Jack,7j1xhvw2,John Wilson,user152@example.com,963297,Electricity:215.5-Gas:463.5-,
Pat,65qlkuh4,Max White,user153@example.com,718015,Electricity:208.8-Gas:383.0-,
Jack,cu2n8ujg,Pat Smith,user154@example.com,198022,Electricity:215.5-Gas:463.5-,
Lee,ad7jgckh,Max Brown,user155@example.com,455461,Electricity:173.9-Gas:405.2-,
Mark,8q9h1ztw,Sam White,user156@example.com,262464,Electricity:443.8-Gas:165.4-,
Jill,0dxh3ru9,Max Taylor,user157@example.com,114753,Electricity:461.3-Gas:206.6-,
Lee,bfd5u7r1,Lee Smith,user158@example.com,011591,Electricity:173.9-Gas:405.2-,
Sam,jl8bxebv,Mark Wilson,user159@example.com,959117,Electricity:184.2-Gas:494.9-,
Alex,q0g9x7mm,Jack White,user160@example.com,603784,Electricity:402.9-Gas:117.9-,
Max,gnladsk1,Lee Smith,user161@example.com,342948,Electricity:259.9-Gas:254.2-,
Jack,kuiroli3,Alex White,user162@example.com,242166,Electricity:215.5-Gas:463.5-,
Max,o3t879dq,Mark Taylor,user163@example.com,292835,Electricity:259.9-Gas:254.2-,
Jill,6r2p31dr,Max Thomas,user164@example.com,997461,Electricity:461.3-Gas:206.6-,
Sam,6i30lh1p,Mark Anderson,user165@example.com,720871,Electricity:184.2-Gas:494.9-,
Chris,tvbd6zeb,Alex Harris,user166@example.com,222802,Electricity:453.8-Gas:280.1-,
John,7vb93q16,Jack Doe,user167@example.com,120155,Electricity:119.4-Gas:164.2-,
Sam,cfskqabl,Jill Harris,user168@example.com,606246,Electricity:184.2-Gas:494.9-,
Max,rl10f30l,Alex Thomas,user169@example.com,435059,Electricity:259.9-Gas:254.2-,
Mark,64j4e80e,Jack Anderson,user170@example.com,258987,Electricity:443.8-Gas:165.4-,
Jack,4pj9ckid,Pat White,user171@example.com,613746,Electricity:215.5-Gas:463.5-,
Max,7a4rvwpi,Chris Jackson,user172@example.com,665343,Electricity:259.9-Gas:254.2-,
Mark,mp28e38f,John Thomas,user173@example.com,808028,Electricity:443.8-Gas:165.4-,
Max,gvelfukv,Chris Thomas,user174@example.com,602972,Electricity:259.9-Gas:254.2-,
John,zsmuhuif,Pat Brown,user175@example.com,292627,Electricity:119.4-Gas:164.2-,
Lee,5unmwm66,Lee White,user176@example.com,387624,Electricity:173.9-Gas:405.2-,
Alex,inhq4egw,Max Thomas,user177@example.com,042215,Electricity:402.9-Gas:117.9-,
Mark,j8r56ovc,Chris Wilson,user178@example.com,479179,Electricity:443.8-Gas:165.4-,
Sam,zok4lu0e,Sam Jackson,user179@example.com,781493,Electricity:184.2-Gas:494.9-,
Lee,9330b8kh,John Thomas,user180@example.com,020500,Electricity:173.9-Gas:405.2-,
Lee,yhabustm,Sam Wilson,user181@example.com,271834,Electricity:173.9-Gas:405.2-,
Jill,q8c5sbow,Max Smith,user182@example.com,876092,Electricity:461.3-Gas:206.6-,
Sam,kbbuyq4u,Mark Jackson,user183@example.com,071382,Electricity:184.2-Gas:494.9-,
Max,uu2bc8zf,Lee Doe,user184@example.com,530186,Electricity:259.9-Gas:254.2-,
Alex,h2jh20qw,Jill Jackson,user185@example.com,325092,Electricity:402.9-Gas:117.9-,
Jill,z1r10i07,Chris White,user186@example.com,445325,Electricity:461.3-Gas:206.6-,
Lee,jhttqfk8,Lee Taylor,user187@example.com,733901,Electricity:173.9-Gas:405.2-,
Sam,simd78yq,Chris Doe,user188@example.com,899811,Electricity:184.2-Gas:494.9-,
Sam,t7vss8bt,Jill Anderson,user189@example.com,875374,Electricity:184.2-Gas:494.9-,
Alex,pfdzilk3,Sam Jackson,user190@example.com,616220,Electricity:402.9-Gas:117.9-,
Pat,rp83muwv,Alex Jackson,user191@example.com,497214,Electricity:208.8-Gas:383.0-,
Alex,yk5oaeoc,Chris Anderson,user192@example.com,614152,Electricity:402.9-Gas:117.9-,
Jill,9n3de8bq,Alex Harris,user193@example.com,936416,Electricity:461.3-Gas:206.6-,
Pat,y74go4nk,Jack Harris,user194@example.com,002306,Electricity:208.8-Gas:383.0-,
Lee,hqhjnga6,Mark Anderson,user195@example.com,400667,Electricity:173.9-Gas:405.2-,
Jill,hq74cfez,Mark Taylor,user196@example.com,455642,Electricity:461.3-Gas:206.6-,
Jill,v7gmxie9,Jill Harris,user197@example.com,478980,Electricity:461.3-Gas:206.6-,
Lee,3fg9mhfg,Sam Jackson,user198@example.com,610887,Electricity:173.9-Gas:405.2-,
Pat,qccich0x,Lee Thomas,user199@example.com,287200,Electricity:208.8-Gas:383.0-,
Pat,3gcnf1xo,Alex Harris,user200@example.com,021822,Electricity:208.8-Gas:383.0-,
John,w29xyjsr,Alex Smith,user201@example.com,181468,Electricity:119.4-Gas:164.2-,
Lee,uh0m0rgl,Sam Smith,user202@example.com,660668,Electricity:173.9-Gas:405.2-,
Jill,q5p3k8re,Mark Doe,user203@example.com,187679,Electricity:461.3-Gas:206.6-,
Sam,13122ga2,Sam Anderson,user204@example.com,201599,Electricity:184.2-Gas:494.9-,
John,v99n7ff9,Jack Anderson,user205@example.com,586854,Electricity:119.4-Gas:164.2-,
Mark,6kahd4rc,John Thomas,user206@example.com,310891,Electricity:443.8-Gas:165.4-,
Pat,byrp0fnk,Sam Anderson,user207@example.com,188170,Electricity:208.8-Gas:383.0-,
Pat,uoii3j30,Lee Doe,user208@example.com,288048,Electricity:208.8-Gas:383.0-,
Sam,bguvuaxs,Max Wilson,user209@example.com,532279,Electricity:184.2-Gas:494.9-,
Jill,ohg0rrvw,Jack Taylor,user210@example.com,767472,Electricity:461.3-Gas:206.6-,
Jack,ajnoa537,John Harris,user211@example.com,622158,Electricity:215.5-Gas:463.5-,
Mark,5p5tgvey,Sam Taylor,user212@example.com,597912,Electricity:443.8-Gas:165.4-,
Chris,h0qbv28o,Jack Anderson,user213@example.com,148491,Electricity:453.8-Gas:280.1-,
Pat,wkorwk15,Max Doe,user214@example.com,749446,Electricity:208.8-Gas:383.0-,
Pat,obd0req6,John Smith,user215@example.com,745110,Electricity:208.8-Gas:383.0-,
John,y4vjb8xe,Sam Jackson,user216@example.com,540397,Electricity:119.4-Gas:164.2-,
Alex,mak220de,Chris Jackson,user217@example.com,860205,Electricity:402.9-Gas:117.9-,
Chris,yg53hlw1,Pat Thomas,user218@example.com,811816,Electricity:453.8-Gas:280.1-,
Jack,nus65ua1,Sam Wilson,user219@example.com,844999,Electricity:215.5-Gas:463.5-,
Max,wg2mfcpz,Jill Doe,user220@example.com,511370,Electricity:259.9-Gas:254.2-,
Chris,i5pq7znp,Pat Taylor,user221@example.com,461601,Electricity:453.8-Gas:280.1-,
Max,tyxvs7xg,Mark Harris,user222@example.com,342163,Electricity:259.9-Gas:254.2-,
Mark,ytz18536,Alex Jackson,user223@example.com,120959,Electricity:443.8-Gas:165.4-,
John,ldux0tbl,Chris Taylor,user224@example.com,866697,Electricity:119.4-Gas:164.2-,
John,yrf1i3h5,Chris Anderson,user225@example.com,942896,Electricity:119.4-Gas:164.2-,
Alex,laojtk7v,Sam Wilson,user226@example.com,878376,Electricity:402.9-Gas:117.9-,
Mark,34ucrbzj,Lee Doe,user227@example.com,054276,Electricity:443.8-Gas:165.4-,
Lee,7o3v61d3,Mark Jackson,user228@example.com,333205,Electricity:173.9-Gas:405.2-,
Sam,h0fbyab7,Jill Taylor,user229@example.com,524702,Electricity:184.2-Gas:494.9-,
Lee,9wp9uua2,Max Thomas,user230@example.com,206471,Electricity:173.9-Gas:405.2-,
Jill,bp67jr1z,Mark Harris,user231@example.com,600648,Electricity:461.3-Gas:206.6-,
Sam,slrzrrbe,Sam Doe,user232@example.com,569687,Electricity:184.2-Gas:494.9-,
Lee,nvnq0ved,Chris Thomas,user233@example.com,900997,Electricity:173.9-Gas:405.2-,
Max,bbf7yr2j,Alex Wilson,user234@example.com,171697,Electricity:259.9-Gas:254.2-,
Chris,ybg1y025,Jack Smith,user235@example.com,582724,Electricity:453.8-Gas:280.1-,
Alex,dwyyaxnh,John Anderson,user236@example.com,453235,Electricity:402.9-Gas:117.9-,
Jack,yy44ubp5,John Smith,user237@example.com,897193,Electricity:215.5-Gas:463.5-,
John,39nx79uy,Alex Jackson,user238@example.com,221226,Electricity:119.4-Gas:164.2-,
Jill,mx7dak2c,Max Jackson,user239@example.com,537052,Electricity:461.3-Gas:206.6-,
Alex,n9p0n712,Sam Anderson,user240@example.com,438320,Electricity:402.9-Gas:117.9-,
Sam,6fsw3esw,Jill Doe,user241@example.com,849261,Electricity:184.2-Gas:494.9-,
John,3lk1iire,Sam Thomas,user242@example.com,480296,Electricity:119.4-Gas:164.2-,
John,toz7toyr,Jack Wilson,user243@example.com,058896,Electricity:119.4-Gas:164.2-,
Max,3mxb1i2a,Alex Jackson,user244@example.com,674385,Electricity:259.9-Gas:254.2-,
Sam,g8qeyyjn,Jack Anderson,user245@example.com,419563,Electricity:184.2-Gas:494.9-,
Sam,khj0cyak,Max Wilson,user246@example.com,159659,Electricity:184.2-Gas:494.9-,
John,k1mm0hbu,Pat White,user247@example.com,920826,Electricity:119.4-Gas:164.2-,
Alex,j1c39tew,Sam Doe,user248@example.com,559515,Electricity:402.9-Gas:117.9-,
John,7oh1z17s,Max White,user249@example.com,092484,Electricity:119.4-Gas:164.2-,
Alex,49jocn8h,Mark Thomas,user250@example.com,481763,Electricity:402.9-Gas:117.9-,
Chris,jpn2laj0,Jack Anderson,user251@example.com,863836,Electricity:453.8-Gas:280.1-,
Pat,e06g9r8p,Alex Jackson,user252@example.com,339790,Electricity:208.8-Gas:383.0-,
Max,lbmkhlfa,John Thomas,user253@example.com,659162,Electricity:259.9-Gas:254.2-,
John,v6km7ixp,Alex Wilson,user254@example.com,120262,Electricity:119.4-Gas:164.2-,
Chris,qk7tgrdu,Mark Taylor,user255@example.com,375532,Electricity:453.8-Gas:280.1-,
Sam,75yn4m4y,Pat Brown,user256@example.com,912682,Electricity:184.2-Gas:494.9-,
Max,uyn5m0g1,Max Taylor,user257@example.com,462832,Electricity:259.9-Gas:254.2-,
Sam,e34lfh3k,Mark Doe,user258@example.com,917841,Electricity:184.2-Gas:494.9-,
Pat,0st144p8,Max Brown,user259@example.com,005455,Electricity:208.8-Gas:383.0-,
Chris,p63wjbsz,Pat Smith,user260@example.com,053519,Electricity:453.8-Gas:280.1-,
Mark,kjwbr66t,Chris Thomas,user261@example.com,675432,Electricity:443.8-Gas:165.4-,
Lee,5qwvr4vl,Mark Brown,user262@example.com,063514,Electricity:173.9-Gas:405.2-,
Jack,h1x33i6l,Sam Anderson,user263@example.com,177869,Electricity:215.5-Gas:463.5-,
Jack,4ncebkl9,Max Doe,user264@example.com,334559,Electricity:215.5-Gas:463.5-,
Mark,qre3s0jq,Sam Wilson,user265@example.com,303393,Electricity:443.8-Gas:165.4-,
Mark,jaxud7yo,Max Harris,user266@example.com,154460,Electricity:443.8-Gas:165.4-,
Sam,l1xql5b0,Mark Smith,user267@example.com,872304,Electricity:184.2-Gas:494.9-,
Alex,34q73hm8,Sam White,user268@example.com,855384,Electricity:402.9-Gas:117.9-,
Jill,qydyk5iv,Max Wilson,user269@example.com,369999,Electricity:461.3-Gas:206.6-,
Pat,x393dxcq,John Thomas,user270@example.com,644935,Electricity:208.8-Gas:383.0-,
Jack,fyweb342,Jill Thomas,user271@example.com,677056,Electricity:215.5-Gas:463.5-,
Mark,y7q3zurq,John Harris,user272@example.com,581265,Electricity:443.8-Gas:165.4-,
Lee,qie1lfvi,John Smith,user273@example.com,537699,Electricity:173.9-Gas:405.2-,
Chris,3223xo4x,John Brown,user274@example.com,425835,Electricity:453.8-Gas:280.1-,
Max,1kdw4c61,Mark Brown,user275@example.com,832943,Electricity:259.9-Gas:254.2-,
Pat,ul9wbceo,Pat Jackson,user276@example.com,440690,Electricity:208.8-Gas:383.0-,
Pat,xnnbgc4d,Max Doe,user277@example.com,444394,Electricity:208.8-Gas:383.0-,
Chris,5ugiip0p,Mark Brown,user278@example.com,231863,Electricity:453.8-Gas:280.1-,
Mark,sjinmrre,Lee Harris,user279@example.com,736633,Electricity:443.8-Gas:165.4-,
Jack,chjirswi,Lee Wilson,user280@example.com,956977,Electricity:215.5-Gas:463.5-,
Jill,8cgfxy3s,Alex Taylor,user281@example.com,335819,Electricity:461.3-Gas:206.6-,
Chris,weoawuhb,Lee Taylor,user282@example.com,552608,Electricity:453.8-Gas:280.1-,
Max,4s8pwjwj,Lee Brown,user283@example.com,666110,Electricity:259.9-Gas:254.2-,
Chris,r1csxh03,Jill Doe,user284@example.com,335211,Electricity:453.8-Gas:280.1-,
Chris,2jdqngdk,Pat White,user285@example.com,284161,Electricity:453.8-Gas:280.1-,
Chris,hazangg6,Jack Harris,user286@example.com,405308,Electricity:453.8-Gas:280.1-,
Lee,tmw91jln,Jill Harris,user287@example.com,222294,Electricity:173.9-Gas:405.2-,
Sam,z9y8g0ef,Lee Taylor,user288@example.com,087341,Electricity:184.2-Gas:494.9-,
Pat,cgx5t3m5,John Harris,user289@example.com,016124,Electricity:208.8-Gas:383.0-,
Alex,ce4nnunq,Alex Harris,user290@example.com,731563,Electricity:402.9-Gas:117.9-,
Lee,jqunrrvn,Max Thomas,user291@example.com,034415,Electricity:173.9-Gas:405.2-,
Chris,b61q8ljp,Max Taylor,user292@example.com,943093,Electricity:453.8-Gas:280.1-,
Lee,8vos7rv3,Pat Doe,user293@example.com,082975,Electricity:173.9-Gas:405.2-,
Jill,6qrtj353,Chris Doe,user294@example.com,150492,Electricity:461.3-Gas:206.6-,
Chris,81y9a0ca,Alex Smith,user295@example.com,738449,Electricity:453.8-Gas:280.1-,
Chris,llvntejo,Alex White,user296@example.com,519962,Electricity:453.8-Gas:280.1-,
Lee,qh13u3ez,Sam Smith,user297@example.com,785731,Electricity:173.9-Gas:405.2-,
John,d1uaz48w,Chris Jackson,user298@example.com,557927,Electricity:119.4-Gas:164.2-,
Max,hnzvkkoq,Chris White,user299@example.com,232559,Electricity:259.9-Gas:254.2-,
John,3d62cd9t,Max Jackson,user300@example.com,228411,Electricity:119.4-Gas:164.2-,
Pat,ajnladrr,Chris Thomas,user301@example.com,717384,Electricity:208.8-Gas:383.0-,
John,1s7385kb,Jack Anderson,user302@example.com,873426,Electricity:119.4-Gas:164.2-,
Chris,8466sh68,Pat Doe,user303@example.com,775275,Electricity:453.8-Gas:280.1-,
Chris,uky3a6n2,Pat Harris,user304@example.com,701668,Electricity:453.8-Gas:280.1-,
Jill,ii8v49zf,John Taylor,user305@example.com,218172,Electricity:461.3-Gas:206.6-,
Jill,x14ugkxf,Chris Wilson,user306@example.com,276173,Electricity:461.3-Gas:206.6-,
Sam,az7685tc,Alex Wilson,user307@example.com,190773,Electricity:184.2-Gas:494.9-,
Mark,oaaspilf,Sam Smith,user308@example.com,739619,Electricity:443.8-Gas:165.4-,
Sam,ttiym0s0,John Harris,user309@example.com,166040,Electricity:184.2-Gas:494.9-,
Chris,nl6sh4xg,Pat Smith,user310@example.com,070406,Electricity:453.8-Gas:280.1-,
Pat,4hq5h0km,Pat Taylor,user311@example.com,461295,Electricity:208.8-Gas:383.0-,
Pat,yc3gh6pc,Chris Jackson,user312@example.com,094615,Electricity:208.8-Gas:383.0-,
Max,kd6erw13,Chris Taylor,user313@example.com,690662,Electricity:259.9-Gas:254.2-,
Alex,ebfg3879,Alex Wilson,user314@example.com,856225,Electricity:402.9-Gas:117.9-,
Max,lbl702s5,Mark Jackson,user315@example.com,704604,Electricity:259.9-Gas:254.2-,
Max,i3bjx24i,Sam Taylor,user316@example.com,878059,Electricity:259.9-Gas:254.2-,
John,krp3u69q,John Thomas,user317@example.com,491270,Electricity:119.4-Gas:164.2-,
Jack,vm1jfjvv,Pat Harris,user318@example.com,310868,Electricity:215.5-Gas:463.5-,
Mark,l7xo2meg,Mark White,user319@example.com,052356,Electricity:443.8-Gas:165.4-,
John,dv40012x,Jack Taylor,user320@example.com,445431,Electricity:119.4-Gas:164.2-,
Lee,cdpc9395,Lee Harris,user321@example.com,832767,Electricity:173.9-Gas:405.2-,
Mark,w2a7x3eu,Max Brown,user322@example.com,462973,Electricity:443.8-Gas:165.4-,
Lee,b7sjdx1q,John White,user323@example.com,440649,Electricity:173.9-Gas:405.2-,
John,h06h5vsy,Chris Smith,user324@example.com,924917,Electricity:119.4-Gas:164.2-,
Pat,f4vf1n7c,Pat White,user325@example.com,799711,Electricity:208.8-Gas:383.0-,
Jack,pezc0q5c,Sam Smith,user326@example.com,600193,Electricity:215.5-Gas:463.5-,
Chris,y8l7jq8j,Pat Anderson,user327@example.com,717544,Electricity:453.8-Gas:280.1-,
Jack,v4sakqvo,John Anderson,user328@example.com,510129,Electricity:215.5-Gas:463.5-,
Max,1m1wv03y,Mark Harris,user329@example.com,504386,Electricity:259.9-Gas:254.2-,
Mark,u847wz8p,Lee White,user330@example.com,089453,Electricity:443.8-Gas:165.4-,
Pat,g0i35hel,Lee Anderson,user331@example.com,742246,Electricity:208.8-Gas:383.0-,
Chris,gqe1h6a5,Sam Smith,user332@example.com,308487,Electricity:453.8-Gas:280.1-,
Pat,ichpwfpt,Alex Harris,user333@example.com,606252,Electricity:208.8-Gas:383.0-,
Alex,2xm3jj55,Jack Wilson,user334@example.com,965297,Electricity:402.9-Gas:117.9-,
Alex,fwd1i8e7,Lee Jackson,user335@example.com,198987,Electricity:402.9-Gas:117.9-,
Chris,z700qe2a,Pat Anderson,user336@example.com,976687,Electricity:453.8-Gas:280.1-,
Alex,9fd2ya8z,John White,user337@example.com,413737,Electricity:402.9-Gas:117.9-,
Max,x3gdomuy,Jack Brown,user338@example.com,342969,Electricity:259.9-Gas:254.2-,
Lee,1h4xagc0,Pat Thomas,user339@example.com,011855,Electricity:173.9-Gas:405.2-,
Pat,6mi56w5y,Pat Anderson,user340@example.com,942039,Electricity:208.8-Gas:383.0-,
Jill,g1vnbck5,John Jackson,user341@example.com,037206,Electricity:461.3-Gas:206.6-,
Alex,s1591mow,John Harris,user342@example.com,853182,Electricity:402.9-Gas:117.9-,
Jack,8vjlh6tw,Jack Thomas,user343@example.com,925269,Electricity:215.5-Gas:463.5-,
Alex,06d4vdeu,John Smith,user344@example.com,361881,Electricity:402.9-Gas:117.9-,
Max,6t5pt4im,Lee Doe,user345@example.com,257482,Electricity:259.9-Gas:254.2-,
Max,yw0s3azg,Chris Wilson,user346@example.com,448327,Electricity:259.9-Gas:254.2-,
John,yvzlps2u,Jack Thomas,user347@example.com,813152,Electricity:119.4-Gas:164.2-,
Alex,hhzzvwlh,Chris White,user348@example.com,169026,Electricity:402.9-Gas:117.9-,
Mark,spw5ko48,Sam Taylor,user349@example.com,278290,Electricity:443.8-Gas:165.4-,
Pat,e737tp3l,Pat Anderson,user350@example.com,501428,Electricity:208.8-Gas:383.0-,
Alex,p0w50v3b,Chris Brown,user351@example.com,534317,Electricity:402.9-Gas:117.9-,
Chris,73c704sx,Max White,user352@example.com,775190,Electricity:453.8-Gas:280.1-,
Pat,io7vp1a2,Mark Brown,user353@example.com,040582,Electricity:208.8-Gas:383.0-,
Alex,xt5mxv8y,Pat White,user354@example.com,916864,Electricity:402.9-Gas:117.9-,
Sam,hsxr5bzy,Pat Wilson,user355@example.com,986438,Electricity:184.2-Gas:494.9-,
Jill,c723s51e,Jill Harris,user356@example.com,266607,Electricity:461.3-Gas:206.6-,
John,vzb8y3j5,Chris Jackson,user357@example.com,834026,Electricity:119.4-Gas:164.2-,
Chris,qyit03mr,Pat Wilson,user358@example.com,222752,Electricity:453.8-Gas:280.1-,
Sam,wtkb9ft1,Pat Doe,user359@example.com,497456,Electricity:184.2-Gas:494.9-,
Max,nog21cnn,Jack Doe,user360@example.com,090813,Electricity:259.9-Gas:254.2-,
Pat,zgaf9kv9,Jill White,user361@example.com,635689,Electricity:208.8-Gas:383.0-,
Sam,b411bdqr,Lee Taylor,user362@example.com,052712,Electricity:184.2-Gas:494.9-,
Pat,o2q6squw,Jack Taylor,user363@example.com,848028,Electricity:208.8-Gas:383.0-,
Max,rtb258c0,John Harris,user364@example.com,267416,Electricity:259.9-Gas:254.2-,
Lee,zent5hpu,Max White,user365@example.com,563454,Electricity:173.9-Gas:405.2-,
Jill,jjf1k1o2,Jill Anderson,user366@example.com,658116,Electricity:461.3-Gas:206.6-,
Jack,1m0agy71,John White,user367@example.com,382254,Electricity:215.5-Gas:463.5-,
Mark,ozkrfsu2,Chris Doe,user368@example.com,134592,Electricity:443.8-Gas:165.4-,
Mark,h6npq3nu,Mark Wilson,user369@example.com,367730,Electricity:443.8-Gas:165.4-,
Pat,jxscobvl,Chris Wilson,user370@example.com,113693,Electricity:208.8-Gas:383.0-,
Alex,1yu8bjfq,Chris White,user371@example.com,392826,Electricity:402.9-Gas:117.9-,
Sam,oaij6gcd,Pat Harris,user372@example.com,115979,Electricity:184.2-Gas:494.9-,
John,cwbykglc,Chris Jackson,user373@example.com,894675,Electricity:119.4-Gas:164.2-,
Sam,2xk1zk6w,Jack Harris,user374@example.com,267754,Electricity:184.2-Gas:494.9-,
Chris,d909jffz,Mark Smith,user375@example.com,087777,Electricity:453.8-Gas:280.1-,
Jill,qkh97rqj,Chris Brown,user376@example.com,847800,Electricity:461.3-Gas:206.6-,
Max,42utzivs,Jack Smith,user377@example.com,410543,Electricity:259.9-Gas:254.2-,
Pat,0gql7sf1,Pat Wilson,user378@example.com,584389,Electricity:208.8-Gas:383.0-,
John,x90fr9m2,John Doe,user379@example.com,966784,Electricity:119.4-Gas:164.2-,
Alex,4ax1qx0c,Pat Anderson,user380@example.com,202580,Electricity:402.9-Gas:117.9-,
Max,4kmdiwje,John Harris,user381@example.com,381219,Electricity:259.9-Gas:254.2-,
Max,2hw7nziu,John Jackson,user382@example.com,367908,Electricity:259.9-Gas:254.2-,
Sam,2a9mn943,Sam Jackson,user383@example.com,857610,Electricity:184.2-Gas:494.9-,
John,lo3shf91,Jill Doe,user384@example.com,483331,Electricity:119.4-Gas:164.2-,
Mark,r1xwmjc0,Lee Brown,user385@example.com,860390,Electricity:443.8-Gas:165.4-,
Alex,lwx1l1f8,Mark Smith,user386@example.com,401091,Electricity:402.9-Gas:117.9-,
Sam,z0fkgrxx,Pat Brown,user387@example.com,228604,Electricity:184.2-Gas:494.9-,
John,zkvgzxm3,Alex Brown,user388@example.com,714885,Electricity:119.4-Gas:164.2-,
Alex,wmefplwi,John Thomas,user389@example.com,668424,Electricity:402.9-Gas:117.9-,
Mark,7f7y69eo,Alex Smith,user390@example.com,243435,Electricity:443.8-Gas:165.4-,
Jack,20nj0s11,Max Smith,user391@example.com,942845,Electricity:215.5-Gas:463.5-,
Sam,b2mqo676,Jill Smith,user392@example.com,694804,Electricity:184.2-Gas:494.9-,
Alex,u9lcu6v9,Jack Brown,user393@example.com,367739,Electricity:402.9-Gas:117.9-,
Sam,5vb267qr,Jack Brown,user394@example.com,095616,Electricity:184.2-Gas:494.9-,
Pat,b6tp4bpg,Jack Taylor,user395@example.com,251761,Electricity:208.8-Gas:383.0-,
Jack,k8ayxrxp,Jack White,user396@example.com,102524,Electricity:215.5-Gas:463.5-,
Chris,gemwutwc,Lee Thomas,user397@example.com,955387,Electricity:453.8-Gas:280.1-,
John,apxok957,Mark White,user398@example.com,536147,Electricity:119.4-Gas:164.2-,
Lee,8c3wwgj9,Pat Taylor,user399@example.com,016132,Electricity:173.9-Gas:405.2-,
Jill,wa8r3jki,Chris Thomas,user400@example.com,888021,Electricity:461.3-Gas:206.6-,
Sam,0j1nf0b5,Sam White,user401@example.com,252547,Electricity:184.2-Gas:494.9-,
Jack,njl3bxag,Alex Anderson,user402@example.com,946302,Electricity:215.5-Gas:463.5-,
Jill,wvluwaei,Jack White,user403@example.com,865431,Electricity:461.3-Gas:206.6-,
Max,1vb11ngu,Alex Smith,user404@example.com,560284,Electricity:259.9-Gas:254.2-,
Sam,jks3p8pj,Sam Doe,user405@example.com,379157,Electricity:184.2-Gas:494.9-,
Lee,wlowcfl0,Lee Anderson,user406@example.com,738473,Electricity:173.9-Gas:405.2-,
Mark,h5qhf40o,Alex Doe,user407@example.com,655640,Electricity:443.8-Gas:165.4-,
Lee,ntd1krg0,Jack Harris,user408@example.com,202313,Electricity:173.9-Gas:405.2-,
Jack,wy823dex,Jack White,user409@example.com,362663,Electricity:215.5-Gas:463.5-,
Mark,zozqti2e,Jill White,user410@example.com,170045,Electricity:443.8-Gas:165.4-,
Lee,oyc5gpf4,Lee Thomas,user411@example.com,312224,Electricity:173.9-Gas:405.2-,
Max,hgqkgx41,Chris Harris,user412@example.com,007775,Electricity:259.9-Gas:254.2-,
Jack,vlp0cxcs,Mark Brown,user413@example.com,989602,Electricity:215.5-Gas:463.5-,
Mark,2fhktzj8,Jack Anderson,user414@example.com,455243,Electricity:443.8-Gas:165.4-,
Alex,1rz6msht,Jill Harris,user415@example.com,440555,Electricity:402.9-Gas:117.9-,
John,way3o77x,John Smith,user416@example.com,218188,Electricity:119.4-Gas:164.2-,
Max,tb7kk0ca,John Brown,user417@example.com,013967,Electricity:259.9-Gas:254.2-,
Jack,xyq9b40e,John Brown,user418@example.com,934328,Electricity:215.5-Gas:463.5-,
Alex,qs2e8gw2,Sam Doe,user419@example.com,538917,Electricity:402.9-Gas:117.9-,
Alex,tnqfpvmh,Pat Harris,user420@example.com,327800,Electricity:402.9-Gas:117.9-,
John,h96b1ywf,Max Smith,user421@example.com,164835,Electricity:119.4-Gas:164.2-,
Alex,bko5rf0n,John Jackson,user422@example.com,454913,Electricity:402.9-Gas:117.9-,
Chris,0a9jj7in,Pat Wilson,user423@example.com,920813,Electricity:453.8-Gas:280.1-,
Jack,wz4jf4tn,Alex Doe,user424@example.com,899457,Electricity:215.5-Gas:463.5-,
Max,16bpz7ka,Jill Brown,user425@example.com,542803,Electricity:259.9-Gas:254.2-,
Mark,vjqr6zso,Jack Doe,user426@example.com,199783,Electricity:443.8-Gas:165.4-,
Alex,x3u98vd1,Lee Thomas,user427@example.com,828490,Electricity:402.9-Gas:117.9-,
Chris,aw8c5b32,Lee Anderson,user428@example.com,866594,Electricity:453.8-Gas:280.1-,
Alex,p3zo6z92,Sam White,user429@example.com,810498,Electricity:402.9-Gas:117.9-,
John,1nwz736a,Chris White,user430@example.com,573312,Electricity:119.4-Gas:164.2-,
Chris,h5ljvkmc,Chris White,user431@example.com,473204,Electricity:453.8-Gas:280.1-,
Alex,hj33mm18,Pat Wilson,user432@example.com,601331,Electricity:402.9-Gas:117.9-,
Mark,soo0o4kw,Chris Taylor,user433@example.com,491092,Electricity:443.8-Gas:165.4-,
Max,axjy0q47,Max Smith,user434@example.com,981064,Electricity:259.9-Gas:254.2-,
Max,m57y3bov,Lee Doe,user435@example.com,892102,Electricity:259.9-Gas:254.2-,
John,bv15fgql,Mark Brown,user436@example.com,552009,Electricity:119.4-Gas:164.2-,
Max,3uikbkcj,Mark White,user437@example.com,463593,Electricity:259.9-Gas:254.2-,
Alex,0vwwxfkj,Alex Harris,user438@example.com,608901,Electricity:402.9-Gas:117.9-,
Lee,uy5egyb8,Alex Brown,user439@example.com,125902,Electricity:173.9-Gas:405.2-,
Pat,lbb2e7bo,John Doe,user440@example.com,332550,Electricity:208.8-Gas:383.0-,
Pat,yjazj8j4,Mark Thomas,user441@example.com,901261,Electricity:208.8-Gas:383.0-,
Pat,lafytlxo,Sam Anderson,user442@example.com,841785,Electricity:208.8-Gas:383.0-,
Chris,4jb6cqsn,John Anderson,user443@example.com,998382,Electricity:453.8-Gas:280.1-,
Lee,to1pxnbb,Alex Smith,user444@example.com,563798,Electricity:173.9-Gas:405.2-,
Lee,1t3qxgdp,Jack Wilson,user445@example.com,516894,Electricity:173.9-Gas:405.2-,
Max,kwd1tgu8,Sam Jackson,user446@example.com,354597,Electricity:259.9-Gas:254.2-,
Jill,xaxs51am,Pat Doe,user447@example.com,917997,Electricity:461.3-Gas:206.6-,
Sam,mxwz476s,Jill Brown,user448@example.com,227294,Electricity:184.2-Gas:494.9-,
John,mbktaf3i,Alex Thomas,user449@example.com,556865,Electricity:119.4-Gas:164.2-,
John,gp0g9zk8,Jill Jackson,user450@example.com,173151,Electricity:119.4-Gas:164.2-,
Mark,xnfduja8,Lee Jackson,user451@example.com,249491,Electricity:443.8-Gas:165.4-,
Alex,5nn66a6n,Mark Harris,user452@example.com,770508,Electricity:402.9-Gas:117.9-,
Mark,7gssaelw,Max Wilson,user453@example.com,042909,Electricity:443.8-Gas:165.4-,
Jack,zjr1c5b7,Jack Jackson,user454@example.com,513398,Electricity:215.5-Gas:463.5-,
Sam,yszap8id,Mark White,user455@example.com,954106,Electricity:184.2-Gas:494.9-,
Jill,ascbwfgq,Pat Thomas,user456@example.com,233599,Electricity:461.3-Gas:206.6-,
Max,6batn2c9,Mark White,user457@example.com,370351,Electricity:259.9-Gas:254.2-,
Sam,xh6xzcyy,Max Smith,user458@example.com,586959,Electricity:184.2-Gas:494.9-,
Max,r96vs1dh,John Jackson,user459@example.com,761833,Electricity:259.9-Gas:254.2-,
Alex,f5ikkogr,Pat Wilson,user460@example.com,074594,Electricity:402.9-Gas:117.9-,
Max,wzirrwds,Max Brown,user461@example.com,768512,Electricity:259.9-Gas:254.2-,
Jack,t9o4tnqp,Alex Doe,user462@example.com,128464,Electricity:215.5-Gas:463.5-,
Chris,dwef742b,Jill Wilson,user463@example.com,795367,Electricity:453.8-Gas:280.1-,
Jack,6qaw6wz3,Chris Wilson,user464@example.com,295526,Electricity:215.5-Gas:463.5-,
Alex,do63fmgh,Chris Thomas,user465@example.com,464203,Electricity:402.9-Gas:117.9-,
Alex,79v4n7dc,Max Wilson,user466@example.com,395638,Electricity:402.9-Gas:117.9-,
Mark,02kdiolb,Mark Harris,user467@example.com,929493,Electricity:443.8-Gas:165.4-,
Sam,xnzi9o3w,Mark Jackson,user468@example.com,590911,Electricity:184.2-Gas:494.9-,
Pat,yq9iqkhf,Mark Harris,user469@example.com,610079,Electricity:208.8-Gas:383.0-,
Pat,9cuuz3wv,Chris Thomas,user470@example.com,406744,Electricity:208.8-Gas:383.0-,
Chris,3au2b5vd,John Brown,user471@example.com,819911,Electricity:453.8-Gas:280.1-,
Jill,nwynkd9q,Max Wilson,user472@example.com,859257,Electricity:461.3-Gas:206.6-,
Pat,ro587mul,Lee Smith,user473@example.com,222803,Electricity:208.8-Gas:383.0-,
Chris,cvzufdjz,Jack Doe,user474@example.com,481772,Electricity:453.8-Gas:280.1-,
Mark,junisbge,Chris Jackson,user475@example.com,255749,Electricity:443.8-Gas:165.4-,
Jack,ahyz8ty2,Lee Jackson,user476@example.com,968285,Electricity:215.5-Gas:463.5-,
Jill,ffwyrls3,Alex White,user477@example.com,623242,Electricity:461.3-Gas:206.6-,
Lee,q19req4m,Alex Taylor,user478@example.com,898707,Electricity:173.9-Gas:405.2-,
John,rkh8a642,John Taylor,user479@example.com,887601,Electricity:119.4-Gas:164.2-,
Lee,bxvhsbln,Max Taylor,user480@example.com,739092,Electricity:173.9-Gas:405.2-,
Mark,idt3ru0c,Sam Thomas,user481@example.com,048793,Electricity:443.8-Gas:165.4-,
Jill,uanu75id,Pat Taylor,user482@example.com,012772,Electricity:461.3-Gas:206.6-,
Alex,pbacwf8f,Sam Harris,user483@example.com,246430,Electricity:402.9-Gas:117.9-,
Max,v38a6roa,Pat Anderson,user484@example.com,908071,Electricity:259.9-Gas:254.2-,
Pat,jkvclqbx,Mark Doe,user485@example.com,284414,Electricity:208.8-Gas:383.0-,
Jack,0yjzd4kh,Sam Wilson,user486@example.com,996638,Electricity:215.5-Gas:463.5-,
Lee,7y4bs8sm,Max Taylor,user487@example.com,639682,Electricity:173.9-Gas:405.2-,
John,l2hc775m,Alex Doe,user488@example.com,958123,Electricity:119.4-Gas:164.2-,
Pat,qrr6vipy,Chris Taylor,user489@example.com,094165,Electricity:208.8-Gas:383.0-,
Alex,tovdkbkv,Pat Smith,user490@example.com,111872,Electricity:402.9-Gas:117.9-,
Max,umbzqqiw,Pat White,user491@example.com,690064,Electricity:259.9-Gas:254.2-,
Lee,6lmem8p8,Pat White,user492@example.com,386934,Electricity:173.9-Gas:405.2-,
John,5m7sjp4s,Pat Brown,user493@example.com,508247,Electricity:119.4-Gas:164.2-,
Chris,awpofbf4,Jack Wilson,user494@example.com,368221,Electricity:453.8-Gas:280.1-,
Alex,8emhl5zk,Lee Wilson,user495@example.com,418453,Electricity:402.9-Gas:117.9-,
Sam,g0n8oyx9,John Jackson,user496@example.com,208977,Electricity:184.2-Gas:494.9-,
Alex,gyo0n5v1,Chris Wilson,user497@example.com,964339,Electricity:402.9-Gas:117.9-,
Jack,55zaolsc,Sam Anderson,user498@example.com,626966,Electricity:215.5-Gas:463.5-,
Chris,7athl520,Max Anderson,user499@example.com,040373,Electricity:453.8-Gas:280.1-,
John,4k1rmsjm,Pat Anderson,user500@example.com,982499,Electricity:119.4-Gas:164.2-,
Lee,uvwvpr0c,Jill Anderson,user501@example.com,812524,Electricity:173.9-Gas:405.2-,
Lee,pjqex8z0,Chris Brown,user502@example.com,004672,Electricity:173.9-Gas:405.2-,
Mark,m04ap86k,John Wilson,user503@example.com,867144,Electricity:443.8-Gas:165.4-,
Alex,yd6mqtei,Mark White,user504@example.com,715276,Electricity:402.9-Gas:117.9-,
Sam,58ib2s6n,John Doe,user505@example.com,203615,Electricity:184.2-Gas:494.9-,
Jack,10rvjymj,Chris Jackson,user506@example.com,849257,Electricity:215.5-Gas:463.5-,
Pat,1dt97wfx,Jack Taylor,user507@example.com,599220,Electricity:208.8-Gas:383.0-,
Sam,w6q5jn7b,Sam Brown,user508@example.com,588106,Electricity:184.2-Gas:494.9-,
Lee,uwhtkgmi,Mark Brown,user509@example.com,058126,Electricity:173.9-Gas:405.2-,
Sam,e3kqvar9,Chris Smith,user510@example.com,817905,Electricity:184.2-Gas:494.9-,
Max,dq5g936c,Mark Jackson,user511@example.com,849708,Electricity:259.9-Gas:254.2-,
Jill,9lshpyft,Max Jackson,user512@example.com,572015,Electricity:461.3-Gas:206.6-,
Sam,w2bycgzb,Chris Thomas,user513@example.com,170999,Electricity:184.2-Gas:494.9-,
Mark,ff4mdh7u,John Wilson,user514@example.com,722260,Electricity:443.8-Gas:165.4-,
Alex,s9a3367j,Jill Doe,user515@example.com,234186,Electricity:402.9-Gas:117.9-,
Lee,ohkh4ex1,Alex Brown,user516@example.com,572643,Electricity:173.9-Gas:405.2-,
Jack,0ndrtzfm,John Doe,user517@example.com,162160,Electricity:215.5-Gas:463.5-,
Jill,jr3odnwt,Alex Thomas,user518@example.com,701990,Electricity:461.3-Gas:206.6-,
Alex,6pnkrl7b,Jack Taylor,user519@example.com,578655,Electricity:402.9-Gas:117.9-,
Lee,klq9owwq,Max Anderson,user520@example.com,252733,Electricity:173.9-Gas:405.2-,
Alex,jrgadjfc,Alex Wilson,user521@example.com,423819,Electricity:402.9-Gas:117.9-,
Mark,9ye0lfzl,Chris Thomas,user522@example.com,171386,Electricity:443.8-Gas:165.4-,
Alex,p45uwc90,Jack White,user523@example.com,144220,Electricity:402.9-Gas:117.9-,
Lee,s28gl007,Jack White,user524@example.com,175218,Electricity:173.9-Gas:405.2-,
Mark,33fttq2b,Mark Anderson,user525@example.com,423247,Electricity:443.8-Gas:165.4-,
Jack,uez3eopc,John Doe,user526@example.com,513378,Electricity:215.5-Gas:463.5-,
Jill,e2c90pnt,Alex Jackson,user527@example.com,927979,Electricity:461.3-Gas:206.6-,
John,dbq8o7d0,Alex Wilson,user528@example.com,236210,Electricity:119.4-Gas:164.2-,
Sam,pm3u0c9e,Pat White,user529@example.com,891590,Electricity:184.2-Gas:494.9-,
Chris,wvdvsz8z,Pat Thomas,user530@example.com,421187,Electricity:453.8-Gas:280.1-,
Mark,iqg7yybh,Jill Smith,user531@example.com,787627,Electricity:443.8-Gas:165.4-,
John,4s5tmplt,Lee Thomas,user532@example.com,744259,Electricity:119.4-Gas:164.2-,
Jill,ypsp4ig0,Mark Taylor,user533@example.com,412778,Electricity:461.3-Gas:206.6-,
Jack,m5z3nb9l,Mark White,user534@example.com,172712,Electricity:215.5-Gas:463.5-,
Max,20t6bik9,Alex Taylor,user535@example.com,503248,Electricity:259.9-Gas:254.2-,
Alex,9nrr317n,Alex Brown,user536@example.com,560206,Electricity:402.9-Gas:117.9-,
John,u3rax9lj,Mark Harris,user537@example.com,732792,Electricity:119.4-Gas:164.2-,
Lee,5t0j7xd3,John White,user538@example.com,154710,Electricity:173.9-Gas:405.2-,
Jill,88wgz66w,Jack Taylor,user539@example.com,446279,Electricity:461.3-Gas:206.6-,
Mark,nzekfoat,Alex Thomas,user540@example.com,387326,Electricity:443.8-Gas:165.4-,
Mark,ph1zkmlg,Sam White,user541@example.com,324922,Electricity:443.8-Gas:165.4-,
Alex,jn0kpfl5,Max Brown,user542@example.com,354285,Electricity:402.9-Gas:117.9-,
Alex,mlvzj6e9,Jack Smith,user543@example.com,647467,Electricity:402.9-Gas:117.9-,
Alex,yr5valif,Jack Taylor,user544@example.com,751816,Electricity:402.9-Gas:117.9-,
Jack,2b4yynia,Sam White,user545@example.com,139682,Electricity:215.5-Gas:463.5-,
John,b2wrpflu,Pat Harris,user546@example.com,556034,Electricity:119.4-Gas:164.2-,
Sam,od8b23dl,Alex White,user547@example.com,929586,Electricity:184.2-Gas:494.9-,
Alex,9xma7nvn,Pat Thomas,user548@example.com,241334,Electricity:402.9-Gas:117.9-,
Lee,qtgsp25x,Lee Jackson,user549@example.com,063292,Electricity:173.9-Gas:405.2-,
Mark,mt02xgcm,Alex Anderson,user550@example.com,873847,Electricity:443.8-Gas:165.4-,
Mark,n9kq11dm,Sam Jackson,user551@example.com,208046,Electricity:443.8-Gas:165.4-,
Max,sok9sbms,Sam Smith,user552@example.com,012248,Electricity:259.9-Gas:254.2-,
John,8ftt6ihq,Lee Harris,user553@example.com,007986,Electricity:119.4-Gas:164.2-,
Mark,vbljvztt,Lee Anderson,user554@example.com,015707,Electricity:443.8-Gas:165.4-,
Pat,o0geidzj,Max Wilson,user555@example.com,274521,Electricity:208.8-Gas:383.0-,
Pat,daxdkoum,John Doe,user556@example.com,418355,Electricity:208.8-Gas:383.0-,
Alex,daxcxg6f,Alex Wilson,user557@example.com,873239,Electricity:402.9-Gas:117.9-,
Jack,h5mj6yph,Jack Smith,user558@example.com,498578,Electricity:215.5-Gas:463.5-,
Chris,i80yxafc,Chris White,user559@example.com,130346,Electricity:453.8-Gas:280.1-,
Alex,okb4epig,John Brown,user560@example.com,096603,Electricity:402.9-Gas:117.9-,
Pat,liutw9be,Chris Harris,user561@example.com,301529,Electricity:208.8-Gas:383.0-,
Jill,9e88vjui,Lee Taylor,user562@example.com,532820,Electricity:461.3-Gas:206.6-,
Jill,eqcvtdxg,John Smith,user563@example.com,362320,Electricity:461.3-Gas:206.6-,
Jack,a14epal9,John Brown,user564@example.com,586372,Electricity:215.5-Gas:463.5-,
Lee,qqwg7ox3,Lee Brown,user565@example.com,383988,Electricity:173.9-Gas:405.2-,
Jack,eu0t841d,Chris Doe,user566@example.com,495682,Electricity:215.5-Gas:463.5-,
Pat,7g1agn8z,Pat Thomas,user567@example.com,410127,Electricity:208.8-Gas:383.0-,
Alex,3k85r8c3,Pat Brown,user568@example.com,646500,Electricity:402.9-Gas:117.9-,
John,9f9j5kqz,Sam Thomas,user569@example.com,106465,Electricity:119.4-Gas:164.2-,
Sam,hsdnqwl9,Alex Thomas,user570@example.com,786130,Electricity:184.2-Gas:494.9-,
Chris,xsayqrcu,Chris Wilson,user571@example.com,799653,Electricity:453.8-Gas:280.1-,
Pat,5j8aj5gr,Jack Brown,user572@example.com,836929,Electricity:208.8-Gas:383.0-,
Max,dl5a8uee,John Harris,user573@example.com,894441,Electricity:259.9-Gas:254.2-,
Lee,1pxb3d0q,Alex Brown,user574@example.com,429403,Electricity:173.9-Gas:405.2-,
Alex,xo3pg4ar,Max Doe,user575@example.com,176077,Electricity:402.9-Gas:117.9-,
Chris,9wxbtj1h,Pat Brown,user576@example.com,909117,Electricity:453.8-Gas:280.1-,
Jill,63i6nxdn,Alex Thomas,user577@example.com,528203,Electricity:461.3-Gas:206.6-,
Max,m98436fu,Lee Taylor,user578@example.com,511692,Electricity:259.9-Gas:254.2-,
Max,tbqgi0j0,Lee Doe,user579@example.com,907352,Electricity:259.9-Gas:254.2-,
Alex,yvyscc76,Chris Brown,user580@example.com,957697,Electricity:402.9-Gas:117.9-,
Mark,pzl8ivgk,Mark Brown,user581@example.com,974545,Electricity:443.8-Gas:165.4-,
Chris,8z49t127,John Harris,user582@example.com,826528,Electricity:453.8-Gas:280.1-,
Sam,iz50rg89,Jack Harris,user583@example.com,576632,Electricity:184.2-Gas:494.9-,
Alex,xx8kip6y,Sam Taylor,user584@example.com,422753,Electricity:402.9-Gas:117.9-,
John,gc7tfjz6,Lee Thomas,user585@example.com,713973,Electricity:119.4-Gas:164.2-,
Max,ponb7eia,Jill Jackson,user586@example.com,568235,Electricity:259.9-Gas:254.2-,
Chris,37iwjq9i,Mark Doe,user587@example.com,680645,Electricity:453.8-Gas:280.1-,
Sam,tk86bd8s,Pat Smith,user588@example.com,768832,Electricity:184.2-Gas:494.9-,
Jack,jc63uhdo,Jill Wilson,user589@example.com,068108,Electricity:215.5-Gas:463.5-,
Jack,mnfy8k9n,Lee Brown,user590@example.com,516605,Electricity:215.5-Gas:463.5-,
Mark,1e6cmj17,Sam Taylor,user591@example.com,702771,Electricity:443.8-Gas:165.4-,
Mark,qxykcg1g,Alex Harris,user592@example.com,994610,Electricity:443.8-Gas:165.4-,
Jill,h25eytky,Pat Wilson,user593@example.com,735611,Electricity:461.3-Gas:206.6-,
Jack,a48dy20x,Chris Wilson,user594@example.com,782133,Electricity:215.5-Gas:463.5-,
Jack,e0a0ox7x,Jill Brown,user595@example.com,990928,Electricity:215.5-Gas:463.5-,
Jack,6fcw0k8a,Sam Harris,user596@example.com,901619,Electricity:215.5-Gas:463.5-,
Alex,zbcn7k4f,John Thomas,user597@example.com,996367,Electricity:402.9-Gas:117.9-,
Chris,jrcbqahx,Max Smith,user598@example.com,215630,Electricity:453.8-Gas:280.1-,
Alex,gid021m5,John Jackson,user599@example.com,151918,Electricity:402.9-Gas:117.9-,
Lee,gqe6zqg3,Lee Thomas,user600@example.com,176082,Electricity:173.9-Gas:405.2-,
Mark,0z6gd28e,Jack Jackson,user601@example.com,930308,Electricity:443.8-Gas:165.4-,
Lee,nislpjg6,Chris Smith,user602@example.com,669601,Electricity:173.9-Gas:405.2-,
Alex,d3qri4an,Jill Jackson,user603@example.com,072470,Electricity:402.9-Gas:117.9-,
Sam,9hpjlyxr,John Doe,user604@example.com,825001,Electricity:184.2-Gas:494.9-,
Alex,y1ncfeu2,Jill Anderson,user605@example.com,035468,Electricity:402.9-Gas:117.9-,
Max,4dfqieot,Lee Harris,user606@example.com,903643,Electricity:259.9-Gas:254.2-,
John,zh8ltkcu,Max Jackson,user607@example.com,128985,Electricity:119.4-Gas:164.2-,
Alex,fms4p3z5,Max Taylor,user608@example.com,975417,Electricity:402.9-Gas:117.9-,
Sam,7u6i229g,Jack Harris,user609@example.com,240931,Electricity:184.2-Gas:494.9-,
Sam,wma493ng,Max Taylor,user610@example.com,135989,Electricity:184.2-Gas:494.9-,
Alex,nu1no4vm,Pat White,user611@example.com,769367,Electricity:402.9-Gas:117.9-,
Max,08puuc7b,Jack Doe,user612@example.com,010670,Electricity:259.9-Gas:254.2-,
Sam,lgob96tr,Jill White,user613@example.com,127771,Electricity:184.2-Gas:494.9-,
Max,slnjfrpf,Chris Wilson,user614@example.com,492951,Electricity:259.9-Gas:254.2-,
Alex,bjvqaqlt,Pat Doe,user615@example.com,942652,Electricity:402.9-Gas:117.9-,
John,20f0v9bh,Max Smith,user616@example.com,969694,Electricity:119.4-Gas:164.2-,
Mark,10cuaogf,Sam Thomas,user617@example.com,374645,Electricity:443.8-Gas:165.4-,
Lee,2b9l0xl3,Chris Taylor,user618@example.com,858389,Electricity:173.9-Gas:405.2-,
Alex,gjxgbmru,Pat Brown,user619@example.com,607698,Electricity:402.9-Gas:117.9-,
Lee,djtnt01n,Lee Jackson,user620@example.com,729381,Electricity:173.9-Gas:405.2-,
John,ky8nhxf3,Lee Wilson,user621@example.com,336563,Electricity:119.4-Gas:164.2-,
Jill,03ou6w57,Pat White,user622@example.com,727784,Electricity:461.3-Gas:206.6-,
Lee,50vw8nzm,Alex Wilson,user623@example.com,659229,Electricity:173.9-Gas:405.2-,
Pat,1lg08iz4,Chris Taylor,user624@example.com,985702,Electricity:208.8-Gas:383.0-,
Pat,s53vi7gd,Sam Thomas,user625@example.com,514998,Electricity:208.8-Gas:383.0-,
Pat,qkstcc2q,Jill Wilson,user626@example.com,724544,Electricity:208.8-Gas:383.0-,
Max,b5x6t9fv,Pat Wilson,user627@example.com,980015,Electricity:259.9-Gas:254.2-,
Chris,sr0bfk16,Pat Harris,user628@example.com,050789,Electricity:453.8-Gas:280.1-,
Jack,kqnxbzl4,John White,user629@example.com,325994,Electricity:215.5-Gas:463.5-,
Alex,3yx07imo,Alex White,user630@example.com,413717,Electricity:402.9-Gas:117.9-,
Lee,bhjzfxxa,John Wilson,user631@example.com,219055,Electricity:173.9-Gas:405.2-,
Max,tuy315uw,Alex Jackson,user632@example.com,431193,Electricity:259.9-Gas:254.2-,
Mark,eys18al7,Jack Taylor,user633@example.com,287346,Electricity:443.8-Gas:165.4-,
Lee,sm1jj6pw,Jack Anderson,user634@example.com,196256,Electricity:173.9-Gas:405.2-,
Jack,4lmdo4zb,Jill Doe,user635@example.com,744162,Electricity:215.5-Gas:463.5-,
Jill,xd4w57kk,Mark Anderson,user636@example.com,225654,Electricity:461.3-Gas:206.6-,
Lee,lyhvvt7z,Alex Harris,user637@example.com,468336,Electricity:173.9-Gas:405.2-,
Max,jwvwdrjv,Mark Harris,user638@example.com,442437,Electricity:259.9-Gas:254.2-,
Lee,vzyn97tn,Mark Thomas,user639@example.com,423916,Electricity:173.9-Gas:405.2-,
Sam,jmxq531v,Lee Thomas,user640@example.com,727724,Electricity:184.2-Gas:494.9-,
Max,sh98d51j,Sam Wilson,user641@example.com,902461,Electricity:259.9-Gas:254.2-,
Mark,hlawe19d,Jack Smith,user642@example.com,198463,Electricity:443.8-Gas:165.4-,
Pat,j03e0erk,Sam Harris,user643@example.com,694666,Electricity:208.8-Gas:383.0-,
John,8shqhdb2,John Smith,user644@example.com,458483,Electricity:119.4-Gas:164.2-,
Lee,22s6u2x6,Jill Thomas,user645@example.com,040753,Electricity:173.9-Gas:405.2-,
John,gjsbub6k,Pat White,user646@example.com,429750,Electricity:119.4-Gas:164.2-,
Max,hkpcoxu5,Mark Doe,user647@example.com,594684,Electricity:259.9-Gas:254.2-,
Max,apfz1z2w,Mark Taylor,user648@example.com,766732,Electricity:259.9-Gas:254.2-,
Mark,yh4o18am,Max Wilson,user649@example.com,991261,Electricity:443.8-Gas:165.4-,
Chris,xh4w2e5i,Jill Anderson,user650@example.com,878948,Electricity:453.8-Gas:280.1-,
Max,50eawsbo,Max Thomas,user651@example.com,854760,Electricity:259.9-Gas:254.2-,
Jill,hjivb6mc,Pat Doe,user652@example.com,154364,Electricity:461.3-Gas:206.6-,
Chris,wva2e1pr,Chris Jackson,user653@example.com,480539,Electricity:453.8-Gas:280.1-,
Mark,ccvvtr8b,Sam Jackson,user654@example.com,988610,Electricity:443.8-Gas:165.4-,
Alex,j8ochfwm,Lee Wilson,user655@example.com,108982,Electricity:402.9-Gas:117.9-,
Jill,pb7xxmyf,Max Doe,user656@example.com,491055,Electricity:461.3-Gas:206.6-,
Lee,qe5ihdlc,Max Doe,user657@example.com,520331,Electricity:173.9-Gas:405.2-,
Jack,luwg28ns,Jack Brown,user658@example.com,870965,Electricity:215.5-Gas:463.5-,
Alex,i6g2znkj,Mark Harris,user659@example.com,067841,Electricity:402.9-Gas:117.9-,
Chris,ddv3jt6v,Jill Taylor,user660@example.com,754931,Electricity:453.8-Gas:280.1-,
Jill,ld6687dg,Pat Anderson,user661@example.com,127307,Electricity:461.3-Gas:206.6-,
Max,2ofyvupw,Alex Taylor,user662@example.com,559033,Electricity:259.9-Gas:254.2-,
John,lcrdmajm,Chris Wilson,user663@example.com,296929,Electricity:119.4-Gas:164.2-,
Max,w29hsq5u,Max Taylor,user664@example.com,160414,Electricity:259.9-Gas:254.2-,
Alex,9zorisiz,John Thomas,user665@example.com,477907,Electricity:402.9-Gas:117.9-,
Mark,4brisan2,Pat Anderson,user666@example.com,991463,Electricity:443.8-Gas:165.4-,
Alex,lserduvs,Jack Anderson,user667@example.com,092708,Electricity:402.9-Gas:117.9-,
John,w6v274ls,Mark Wilson,user668@example.com,740730,Electricity:119.4-Gas:164.2-,
Max,9ye4pzgm,John Thomas,user669@example.com,870334,Electricity:259.9-Gas:254.2-,
Chris,speprq5h,Chris Thomas,user670@example.com,898074,Electricity:453.8-Gas:280.1-,
Jack,mhrffagz,Chris Wilson,user671@example.com,629517,Electricity:215.5-Gas:463.5-,
Jack,q5gaz1xh,Lee White,user672@example.com,885198,Electricity:215.5-Gas:463.5-,
Max,xgw15zur,Jill Thomas,user673@example.com,843047,Electricity:259.9-Gas:254.2-,
Jack,cpmb9kaa,Max White,user674@example.com,428125,Electricity:215.5-Gas:463.5-,
Pat,i1prv9ta,John White,user675@example.com,501384,Electricity:208.8-Gas:383.0-,
John,n6cjri51,Jill Doe,user676@example.com,976591,Electricity:119.4-Gas:164.2-,
Jack,5b4tv7o6,John Thomas,user677@example.com,579368,Electricity:215.5-Gas:463.5-,
Alex,y4ndka99,Sam Taylor,user678@example.com,787753,Electricity:402.9-Gas:117.9-,
Jack,yb6oclrl,Sam Thomas,user679@example.com,318521,Electricity:215.5-Gas:463.5-,
Max,6y99kpop,Max Wilson,user680@example.com,338462,Electricity:259.9-Gas:254.2-,
Jill,9vdsf0w6,Alex Brown,user681@example.com,585513,Electricity:461.3-Gas:206.6-,
John,lfmh1cad,Chris Anderson,user682@example.com,536180,Electricity:119.4-Gas:164.2-,
Lee,ynrut09y,Lee Taylor,user683@example.com,046059,Electricity:173.9-Gas:405.2-,
Sam,26inc5x4,Lee Smith,user684@example.com,116534,Electricity:184.2-Gas:494.9-,
John,948dip52,John Thomas,user685@example.com,951352,Electricity:119.4-Gas:164.2-,
Jack,4qzd9nnq,Jill Taylor,user686@example.com,552236,Electricity:215.5-Gas:463.5-,
Jill,mny8dfle,Max White,user687@example.com,404632,Electricity:461.3-Gas:206.6-,
Pat,w8vqaiaa,Jill Wilson,user688@example.com,360104,Electricity:208.8-Gas:383.0-,
Jill,wy8vnyhh,Jill Jackson,user689@example.com,820472,Electricity:461.3-Gas:206.6-,
Mark,ohbphdfr,Jack White,user690@example.com,348912,Electricity:443.8-Gas:165.4-,
Pat,yafu2tjh,Mark Anderson,user691@example.com,706432,Electricity:208.8-Gas:383.0-,
Lee,olbrbzxk,Jill Brown,user692@example.com,788713,Electricity:173.9-Gas:405.2-,
Max,nmcm6kph,Jack White,user693@example.com,344426,Electricity:259.9-Gas:254.2-,
Jack,yz2sm46r,Chris Jackson,user694@example.com,255028,Electricity:215.5-Gas:463.5-,
Sam,lrxl8ndx,Jack Smith,user695@example.com,035653,Electricity:184.2-Gas:494.9-,
Mark,xwzce7fk,Max White,user696@example.com,213834,Electricity:443.8-Gas:165.4-,
Jack,0583v6rl,Lee Harris,user697@example.com,588807,Electricity:215.5-Gas:463.5-,
Max,l9hf8siq,Max Taylor,user698@example.com,734657,Electricity:259.9-Gas:254.2-,
Max,kty9g9qy,Pat Taylor,user699@example.com,916500,Electricity:259.9-Gas:254.2-,
Max,bw1a5s28,Chris Anderson,user700@example.com,456745,Electricity:259.9-Gas:254.2-,
Jill,re7995f5,Jack White,user701@example.com,772538,Electricity:461.3-Gas:206.6-,
Sam,krl4pcrx,Lee Anderson,user702@example.com,309680,Electricity:184.2-Gas:494.9-,
Pat,nqdi3rnd,Jill Harris,user703@example.com,223348,Electricity:208.8-Gas:383.0-,
Alex,cd1214u2,John Anderson,user704@example.com,724273,Electricity:402.9-Gas:117.9-,
Jill,tywzerof,Chris Anderson,user705@example.com,440209,Electricity:461.3-Gas:206.6-,
Alex,0h1faobo,Chris Harris,user706@example.com,058107,Electricity:402.9-Gas:117.9-,
Jill,gczc0v9i,Alex Doe,user707@example.com,981257,Electricity:461.3-Gas:206.6-,
Max,c9b3x634,Mark Harris,user708@example.com,702042,Electricity:259.9-Gas:254.2-,
Lee,qhjmipwq,Jack Taylor,user709@example.com,035277,Electricity:173.9-Gas:405.2-,
Mark,72pd9mzy,Sam Wilson,user710@example.com,667394,Electricity:443.8-Gas:165.4-,
Jill,994mifv0,John Anderson,user711@example.com,547824,Electricity:461.3-Gas:206.6-,
Sam,u6p1qrv1,Jill Smith,user712@example.com,665074,Electricity:184.2-Gas:494.9-,
Chris,dmfri9hj,Jack Thomas,user713@example.com,307421,Electricity:453.8-Gas:280.1-,
Jack,gi5pogiz,Jill Smith,user714@example.com,113733,Electricity:215.5-Gas:463.5-,
Jill,c70jobpq,Alex Taylor,user715@example.com,977870,Electricity:461.3-Gas:206.6-,
Chris,mzwz51zw,Jack Smith,user716@example.com,403051,Electricity:453.8-Gas:280.1-,
Sam,nlbn5pqm,Pat Wilson,user717@example.com,074210,Electricity:184.2-Gas:494.9-,
Sam,cd5x3h5e,Lee Brown,user718@example.com,516786,Electricity:184.2-Gas:494.9-,
John,2xudz8bv,Lee Smith,user719@example.com,696240,Electricity:119.4-Gas:164.2-,
Jill,bnziu2in,Jack Jackson,user720@example.com,129754,Electricity:461.3-Gas:206.6-,
Max,jljtm874,Sam Jackson,user721@example.com,204268,Electricity:259.9-Gas:254.2-,
Max,3girdp4r,Max Wilson,user722@example.com,331745,Electricity:259.9-Gas:254.2-,
Jill,bdqbl0t2,Max Harris,user723@example.com,113517,Electricity:461.3-Gas:206.6-,
Mark,1u5rsfb9,Jill Smith,user724@example.com,236623,Electricity:443.8-Gas:165.4-,
John,cjyr0dte,Alex Harris,user725@example.com,823528,Electricity:119.4-Gas:164.2-,
Alex,oleiguqd,John Harris,user726@example.com,673988,Electricity:402.9-Gas:117.9-,
Chris,74c6hecn,Sam Harris,user727@example.com,796215,Electricity:453.8-Gas:280.1-,
Alex,wsqrr1t8,Max White,user728@example.com,684773,Electricity:402.9-Gas:117.9-,
Jack,xrv5phle,John Anderson,user729@example.com,913956,Electricity:215.5-Gas:463.5-,
John,kwdgmnsd,Max Anderson,user730@example.com,626745,Electricity:119.4-Gas:164.2-,
Pat,24bbiwq1,John Doe,user731@example.com,985886,Electricity:208.8-Gas:383.0-,
Lee,ymaimgbp,Max Brown,user732@example.com,413549,Electricity:173.9-Gas:405.2-,
Alex,gi4fz8qs,Mark Jackson,user733@example.com,549006,Electricity:402.9-Gas:117.9-,
Mark,kn5k6qjj,Mark Brown,user734@example.com,980448,Electricity:443.8-Gas:165.4-,
John,7lvb3f5j,Jill Anderson,user735@example.com,276461,Electricity:119.4-Gas:164.2-,
Chris,xwrcb2hg,Mark White,user736@example.com,715955,Electricity:453.8-Gas:280.1-,
Lee,i03g4oz1,Alex White,user737@example.com,820184,Electricity:173.9-Gas:405.2-,
John,wvs05ed1,Lee Harris,user738@example.com,596110,Electricity:119.4-Gas:164.2-,
John,vrzn3gh4,Alex Taylor,user739@example.com,800050,Electricity:119.4-Gas:164.2-,
Max,o81pn6sg,Alex Doe,user740@example.com,650438,Electricity:259.9-Gas:254.2-,
Jill,e6n8e0vi,Max Taylor,user741@example.com,130218,Electricity:461.3-Gas:206.6-,
Lee,8pmj0itj,Jill Anderson,user742@example.com,255135,Electricity:173.9-Gas:405.2-,
Max,0x5bdcjd,Jill Taylor,user743@example.com,500894,Electricity:259.9-Gas:254.2-,
Chris,lydix6di,Alex Jackson,user744@example.com,693469,Electricity:453.8-Gas:280.1-,
Alex,5svwbsp2,John Taylor,user745@example.com,719183,Electricity:402.9-Gas:117.9-,
Alex,vhqe4cox,John Wilson,user746@example.com,655857,Electricity:402.9-Gas:117.9-,
Alex,u2sj4280,Chris Taylor,user747@example.com,617518,Electricity:402.9-Gas:117.9-,
Max,gv7j55vu,Jack Thomas,user748@example.com,019700,Electricity:259.9-Gas:254.2-,
Pat,o2x59fuq,Jack Thomas,user749@example.com,602623,Electricity:208.8-Gas:383.0-,
Mark,40bn0jyq,Chris Thomas,user750@example.com,019237,Electricity:443.8-Gas:165.4-,
Max,bwnusw80,Sam Thomas,user751@example.com,717001,Electricity:259.9-Gas:254.2-,
John,465zvun3,Jack Harris,user752@example.com,907761,Electricity:119.4-Gas:164.2-,
Max,zcd84u35,Sam Wilson,user753@example.com,284486,Electricity:259.9-Gas:254.2-,
Chris,djlgz8da,Alex Doe,user754@example.com,526988,Electricity:453.8-Gas:280.1-,
Pat,b1jvh44n,Pat Wilson,user755@example.com,920674,Electricity:208.8-Gas:383.0-,
Alex,l4x6tco6,Jack Jackson,user756@example.com,109837,Electricity:402.9-Gas:117.9-,
Mark,vgf41top,Sam Taylor,user757@example.com,214308,Electricity:443.8-Gas:165.4-,
Chris,0ygb3rcq,Alex Brown,user758@example.com,596262,Electricity:453.8-Gas:280.1-,
Jill,pqggjyuy,Alex Harris,user759@example.com,689303,Electricity:461.3-Gas:206.6-,
Lee,eyqp304p,Lee White,user760@example.com,767151,Electricity:173.9-Gas:405.2-,
Max,o6b6b8fa,Alex Taylor,user761@example.com,594376,Electricity:259.9-Gas:254.2-,
Chris,w5vtrdd1,Mark White,user762@example.com,609065,Electricity:453.8-Gas:280.1-,
Jack,rotamtn7,Max Wilson,user763@example.com,939559,Electricity:215.5-Gas:463.5-,
Alex,as70d9wt,John Anderson,user764@example.com,165162,Electricity:402.9-Gas:117.9-,
Lee,guo1dpo3,Mark Jackson,user765@example.com,722287,Electricity:173.9-Gas:405.2-,
John,mrjvc11t,Jill Harris,user766@example.com,287919,Electricity:119.4-Gas:164.2-,
Lee,otrtikq3,Jill Wilson,user767@example.com,799903,Electricity:173.9-Gas:405.2-,
Pat,00e5xzt4,Alex Brown,user768@example.com,624489,Electricity:208.8-Gas:383.0-,
John,qp9nc2gk,Alex Wilson,user769@example.com,370597,Electricity:119.4-Gas:164.2-,
Mark,0s22ixw4,Alex Smith,user770@example.com,910545,Electricity:443.8-Gas:165.4-,
Mark,dz7g14kz,Max Doe,user771@example.com,254748,Electricity:443.8-Gas:165.4-,
Mark,ldvd156o,Lee Jackson,user772@example.com,325007,Electricity:443.8-Gas:165.4-,
Mark,xs2m0ond,Mark Wilson,user773@example.com,347977,Electricity:443.8-Gas:165.4-,
Jack,s7pf1rxn,Sam Anderson,user774@example.com,132269,Electricity:215.5-Gas:463.5-,
John,dkosok6g,John Smith,user775@example.com,690683,Electricity:119.4-Gas:164.2-,
Max,sqlkfav2,Jack Anderson,user776@example.com,768431,Electricity:259.9-Gas:254.2-,
Sam,k3cdaok4,Jill Wilson,user777@example.com,176185,Electricity:184.2-Gas:494.9-,
Sam,qrzshf0h,Max Thomas,user778@example.com,780940,Electricity:184.2-Gas:494.9-,
Max,v5iqes3r,Mark Smith,user779@example.com,582708,Electricity:259.9-Gas:254.2-,
John,wftryzjv,Mark Thomas,user780@example.com,621169,Electricity:119.4-Gas:164.2-,
Sam,txbewxmf,Chris Anderson,user781@example.com,672212,Electricity:184.2-Gas:494.9-,
Chris,412s9xhl,Pat Smith,user782@example.com,693336,Electricity:453.8-Gas:280.1-,
Mark,nhsx6avt,Lee Smith,user783@example.com,051799,Electricity:443.8-Gas:165.4-,
Jack,9b79s243,Chris Brown,user784@example.com,397584,Electricity:215.5-Gas:463.5-,
Mark,0swylyr4,Alex Wilson,user785@example.com,091463,Electricity:443.8-Gas:165.4-,
Mark,dz5bcr99,Chris Doe,user786@example.com,331490,Electricity:443.8-Gas:165.4-,
Alex,eudh1188,Jill Smith,user787@example.com,189374,Electricity:402.9-Gas:117.9-,
Jack,14ierrfz,Jill Anderson,user788@example.com,842571,Electricity:215.5-Gas:463.5-,
Jack,xt9k3tl8,Lee Smith,user789@example.com,502697,Electricity:215.5-Gas:463.5-,
Chris,88vpqvbn,Chris Smith,user790@example.com,401588,Electricity:453.8-Gas:280.1-,
Alex,f8njau10,Pat Harris,user791@example.com,388112,Electricity:402.9-Gas:117.9-,
Jack,9402ozcw,Pat Smith,user792@example.com,589758,Electricity:215.5-Gas:463.5-,
Mark,scl2lca1,Lee White,user793@example.com,861675,Electricity:443.8-Gas:165.4-,
Chris,ocey3t4o,Max White,user794@example.com,219368,Electricity:453.8-Gas:280.1-,
John,irfq6vcc,Lee Thomas,user795@example.com,828168,Electricity:119.4-Gas:164.2-,
Jill,9a9yoosh,Lee Doe,user796@example.com,195538,Electricity:461.3-Gas:206.6-,
Alex,lwbkz5bi,Mark Smith,user797@example.com,083262,Electricity:402.9-Gas:117.9-,
Max,52rre7yk,Chris Doe,user798@example.com,392056,Electricity:259.9-Gas:254.2-,
Jack,hbs81bnm,Sam Doe,user799@example.com,311380,Electricity:215.5-Gas:463.5-,
Pat,oksybli9,Lee Harris,user800@example.com,182402,Electricity:208.8-Gas:383.0-,
Chris,egzy7ru7,Jack Thomas,user801@example.com,670973,Electricity:453.8-Gas:280.1-,
John,sc2diltn,Max White,user802@example.com,553134,Electricity:119.4-Gas:164.2-,
Pat,7omdocux,John Anderson,user803@example.com,362074,Electricity:208.8-Gas:383.0-,
Max,969eye5r,Mark Anderson,user804@example.com,048188,Electricity:259.9-Gas:254.2-,
Pat,nyl7ckdd,Jill White,user805@example.com,501364,Electricity:208.8-Gas:383.0-,
Max,szkp8x5k,Sam Jackson,user806@example.com,350397,Electricity:259.9-Gas:254.2-,
Sam,mky7ldy0,Pat Smith,user807@example.com,443697,Electricity:184.2-Gas:494.9-,
Lee,06pohzs9,Pat Harris,user808@example.com,990202,Electricity:173.9-Gas:405.2-,
Jack,li4049v4,Jill Anderson,user809@example.com,521776,Electricity:215.5-Gas:463.5-,
Jack,venqload,Max Doe,user810@example.com,782312,Electricity:215.5-Gas:463.5-,
Sam,5t9rfyql,Jill Anderson,user811@example.com,766504,Electricity:184.2-Gas:494.9-,
Alex,yn1hwd4z,Sam Harris,user812@example.com,319693,Electricity:402.9-Gas:117.9-,
Mark,4iar3m0y,Max Brown,user813@example.com,401035,Electricity:443.8-Gas:165.4-,
Chris,5hiej7wr,Jill Smith,user814@example.com,281296,Electricity:453.8-Gas:280.1-,
Alex,wv4tylki,Mark Thomas,user815@example.com,876408,Electricity:402.9-Gas:117.9-,
Mark,3uthzvjd,Lee Thomas,user816@example.com,722811,Electricity:443.8-Gas:165.4-,
Max,htfqsjf2,Chris Doe,user817@example.com,472071,Electricity:259.9-Gas:254.2-,
Chris,3xwzkqh6,Jack Harris,user818@example.com,932637,Electricity:453.8-Gas:280.1-,
Pat,dhuu0zes,Lee White,user819@example.com,635879,Electricity:208.8-Gas:383.0-,
Mark,owrtbl4g,Jack Wilson,user820@example.com,603981,Electricity:443.8-Gas:165.4-,
Max,1w1pd0hm,Pat Doe,user821@example.com,097556,Electricity:259.9-Gas:254.2-,
John,z82nuhw7,Lee Anderson,user822@example.com,018667,Electricity:119.4-Gas:164.2-,
Alex,2qc1d00x,Alex Taylor,user823@example.com,748470,Electricity:402.9-Gas:117.9-,
Jack,828qpk3i,Jill Doe,user824@example.com,267692,Electricity:215.5-Gas:463.5-,
Chris,d55np56i,Lee Jackson,user825@example.com,822945,Electricity:453.8-Gas:280.1-,
Chris,74mqrmbe,Chris Taylor,user826@example.com,691897,Electricity:453.8-Gas:280.1-,
Pat,ez81fr4l,Chris Jackson,user827@example.com,838392,Electricity:208.8-Gas:383.0-,
Lee,hcuhvxh2,Alex Harris,user828@example.com,608070,Electricity:173.9-Gas:405.2-,
Lee,lxpsxkb8,Jill Jackson,user829@example.com,174451,Electricity:173.9-Gas:405.2-,
Mark,d59vxe7d,Alex White,user830@example.com,829477,Electricity:443.8-Gas:165.4-,
Max,gjkq9h49,Sam Anderson,user831@example.com,251738,Electricity:259.9-Gas:254.2-,
Max,wic57had,Max Thomas,user832@example.com,777325,Electricity:259.9-Gas:254.2-,
Lee,5ynavfvc,Max Anderson,user833@example.com,726067,Electricity:173.9-Gas:405.2-,
Pat,4abdy0b6,Pat Thomas,user834@example.com,468164,Electricity:208.8-Gas:383.0-,
Max,cvt084eq,Alex Taylor,user835@example.com,001437,Electricity:259.9-Gas:254.2-,
Jill,bhzjnkfg,Chris Anderson,user836@example.com,752788,Electricity:461.3-Gas:206.6-,
Mark,bf8l8udn,Max Taylor,user837@example.com,888210,Electricity:443.8-Gas:165.4-,
Sam,c7x9lqfp,Mark Doe,user838@example.com,164332,Electricity:184.2-Gas:494.9-,
Pat,skdd0ojt,Jack Smith,user839@example.com,249865,Electricity:208.8-Gas:383.0-,
Mark,o72xl89v,Jill Harris,user840@example.com,936777,Electricity:443.8-Gas:165.4-,
Mark,23g7vi81,Chris Harris,user841@example.com,736945,Electricity:443.8-Gas:165.4-,
Pat,l6utd85b,Pat Smith,user842@example.com,052464,Electricity:208.8-Gas:383.0-,
Sam,2ii3dxle,Chris Taylor,user843@example.com,646917,Electricity:184.2-Gas:494.9-,
Jill,oqp9ccdt,Alex Harris,user844@example.com,199257,Electricity:461.3-Gas:206.6-,
Jill,wkgbghuj,John Anderson,user845@example.com,839330,Electricity:461.3-Gas:206.6-,
Jack,bvx43noc,Jack White,user846@example.com,266788,Electricity:215.5-Gas:463.5-,
Alex,vliy00ot,Lee Wilson,user847@example.com,260376,Electricity:402.9-Gas:117.9-,
John,0266u3o7,Mark Harris,user848@example.com,441815,Electricity:119.4-Gas:164.2-,
Alex,bbbzuoqx,Alex Wilson,user849@example.com,251590,Electricity:402.9-Gas:117.9-,
John,u266b4iz,Pat Jackson,user850@example.com,288126,Electricity:119.4-Gas:164.2-,
John,xxosp5hi,Mark Wilson,user851@example.com,578670,Electricity:119.4-Gas:164.2-,
Alex,bxvr0ndf,Jill Doe,user852@example.com,831484,Electricity:402.9-Gas:117.9-,
Mark,lm6xfacm,Pat Harris,user853@example.com,225323,Electricity:443.8-Gas:165.4-,
Alex,39ydyqho,Lee Brown,user854@example.com,686115,Electricity:402.9-Gas:117.9-,
Sam,gtt2dp3c,Pat White,user855@example.com,139803,Electricity:184.2-Gas:494.9-,
Sam,mvqivour,Alex Taylor,user856@example.com,831518,Electricity:184.2-Gas:494.9-,
Mark,3vp7ds70,Sam Taylor,user857@example.com,932461,Electricity:443.8-Gas:165.4-,
Pat,vff2b1mj,Jill Thomas,user858@example.com,473062,Electricity:208.8-Gas:383.0-,
Chris,wwdqr5ag,Mark White,user859@example.com,635406,Electricity:453.8-Gas:280.1-,
Mark,e0tjahzp,Lee Wilson,user860@example.com,604601,Electricity:443.8-Gas:165.4-,
Lee,jan68c5k,Alex Anderson,user861@example.com,736549,Electricity:173.9-Gas:405.2-,
Sam,iqyllr6u,Mark Smith,user862@example.com,682988,Electricity:184.2-Gas:494.9-,
Chris,289lux5g,Jack Harris,user863@example.com,643888,Electricity:453.8-Gas:280.1-,
John,wos5ysnk,Alex Wilson,user864@example.com,041074,Electricity:119.4-Gas:164.2-,
Max,als9l32j,Chris Taylor,user865@example.com,519376,Electricity:259.9-Gas:254.2-,
Chris,p4ry1dwj,Pat Taylor,user866@example.com,889496,Electricity:453.8-Gas:280.1-,
Max,wiu83bni,Sam Thomas,user867@example.com,438924,Electricity:259.9-Gas:254.2-,
Mark,9y19k9xj,John Taylor,user868@example.com,304569,Electricity:443.8-Gas:165.4-,
Lee,r5hebwz4,Alex Thomas,user869@example.com,278796,Electricity:173.9-Gas:405.2-,
Chris,6s70sebg,Chris Doe,user870@example.com,063345,Electricity:453.8-Gas:280.1-,
Jill,uw8un36a,Pat Smith,user871@example.com,938281,Electricity:461.3-Gas:206.6-,
Sam,qlre2axa,Max Harris,user872@example.com,263111,Electricity:184.2-Gas:494.9-,
Mark,oxyrlxm5,Jack Harris,user873@example.com,669383,Electricity:443.8-Gas:165.4-,
Pat,v3psudcx,Sam Harris,user874@example.com,540946,Electricity:208.8-Gas:383.0-,
John,ry01jira,Mark White,user875@example.com,749090,Electricity:119.4-Gas:164.2-,
Jack,ch4fvxjs,John Smith,user876@example.com,206934,Electricity:215.5-Gas:463.5-,
Lee,05lji6ep,Max White,user877@example.com,508287,Electricity:173.9-Gas:405.2-,
Lee,n79bmqtg,Jack White,user878@example.com,523414,Electricity:173.9-Gas:405.2-,
Alex,4zyqeijx,Pat Taylor,user879@example.com,567145,Electricity:402.9-Gas:117.9-,
Lee,ktzoqgt3,Pat Brown,user880@example.com,137782,Electricity:173.9-Gas:405.2-,
Mark,m0n6epcm,Lee Anderson,user881@example.com,844808,Electricity:443.8-Gas:165.4-,
John,ruptkiiq,Chris Harris,user882@example.com,621178,Electricity:119.4-Gas:164.2-,
Chris,6foupen6,Jill Jackson,user883@example.com,123740,Electricity:453.8-Gas:280.1-,
John,hjv2a1ue,Pat Jackson,user884@example.com,788471,Electricity:119.4-Gas:164.2-,
Mark,1x1mg9vy,Alex Harris,user885@example.com,857111,Electricity:443.8-Gas:165.4-,
Mark,c4ixnurn,Alex Taylor,user886@example.com,370888,Electricity:443.8-Gas:165.4-,
Pat,j4w9urkm,Max Taylor,user887@example.com,907455,Electricity:208.8-Gas:383.0-,
Alex,m6195pnn,Jill Jackson,user888@example.com,705194,Electricity:402.9-Gas:117.9-,
Chris,262ckw8i,Alex Doe,user889@example.com,185328,Electricity:453.8-Gas:280.1-,
Pat,qnbkk6rv,Jack Smith,user890@example.com,699396,Electricity:208.8-Gas:383.0-,
Lee,6r4qkt5p,Chris White,user891@example.com,258850,Electricity:173.9-Gas:405.2-,
Pat,df3k6w7b,Alex Smith,user892@example.com,466412,Electricity:208.8-Gas:383.0-,
Chris,j34ogqla,Chris Brown,user893@example.com,863842,Electricity:453.8-Gas:280.1-,
Max,3ng1a6j2,Mark Harris,user894@example.com,928616,Electricity:259.9-Gas:254.2-,
Chris,kgqrfq43,Chris Harris,user895@example.com,517602,Electricity:453.8-Gas:280.1-,
Alex,lxfcjlu5,Pat Wilson,user896@example.com,951773,Electricity:402.9-Gas:117.9-,
Jill,emg3dgw3,John Jackson,user897@example.com,361938,Electricity:461.3-Gas:206.6-,
Sam,xabbd90v,Lee Anderson,user898@example.com,870910,Electricity:184.2-Gas:494.9-,
Jack,6ladksco,Alex Thomas,user899@example.com,955789,Electricity:215.5-Gas:463.5-,
John,wrglz4ez,Pat Taylor,user900@example.com,670129,Electricity:119.4-Gas:164.2-,
Sam,8no2ea96,Alex Doe,user901@example.com,501693,Electricity:184.2-Gas:494.9-,
Pat,tbhflg4v,Chris Harris,user902@example.com,082526,Electricity:208.8-Gas:383.0-,
Jack,dmcjpfa7,Alex Brown,user903@example.com,081235,Electricity:215.5-Gas:463.5-,
Mark,rzrh85y2,Pat Doe,user904@example.com,124314,Electricity:443.8-Gas:165.4-,
Chris,9gahmlqu,Mark Smith,user905@example.com,049123,Electricity:453.8-Gas:280.1-,
Sam,fg8qg8nr,John Taylor,user906@example.com,824491,Electricity:184.2-Gas:494.9-,
Jack,e9cqj8mx,Jack Harris,user907@example.com,467632,Electricity:215.5-Gas:463.5-,
Mark,xa4dnzb1,Max Jackson,user908@example.com,302476,Electricity:443.8-Gas:165.4-,
John,gcehg5l6,Max Jackson,user909@example.com,959294,Electricity:119.4-Gas:164.2-,
Max,uhojaeqd,John Doe,user910@example.com,144839,Electricity:259.9-Gas:254.2-,
Mark,jf4cydb8,John Wilson,user911@example.com,927990,Electricity:443.8-Gas:165.4-,
Mark,2f35665d,Pat Taylor,user912@example.com,353802,Electricity:443.8-Gas:165.4-,
Pat,0j1mui66,John Wilson,user913@example.com,500404,Electricity:208.8-Gas:383.0-,
Max,rritiyta,Sam Anderson,user914@example.com,418028,Electricity:259.9-Gas:254.2-,
Sam,qeb140r6,Chris Thomas,user915@example.com,519218,Electricity:184.2-Gas:494.9-,
Chris,03ezm48u,Sam Anderson,user916@example.com,405555,Electricity:453.8-Gas:280.1-,
Lee,jybx38f1,Lee White,user917@example.com,285921,Electricity:173.9-Gas:405.2-,
Chris,nqktv7d0,Sam Harris,user918@example.com,952303,Electricity:453.8-Gas:280.1-,
Jack,ax246iv3,Pat Wilson,user919@example.com,889560,Electricity:215.5-Gas:463.5-,
Pat,tm7f7uky,Chris Harris,user920@example.com,644164,Electricity:208.8-Gas:383.0-,
Lee,wizuheif,Mark Jackson,user921@example.com,451680,Electricity:173.9-Gas:405.2-,
Jill,up1b21ld,Jack Harris,user922@example.com,586620,Electricity:461.3-Gas:206.6-,
Pat,v4p1symb,Mark Harris,user923@example.com,497524,Electricity:208.8-Gas:383.0-,
Lee,0rklxhaw,Sam Jackson,user924@example.com,377809,Electricity:173.9-Gas:405.2-,
Lee,b68um089,Chris Doe,user925@example.com,728985,Electricity:173.9-Gas:405.2-,
Lee,3bzmoo37,Jack Harris,user926@example.com,238089,Electricity:173.9-Gas:405.2-,
Alex,xbaizl32,Chris Taylor,user927@example.com,988558,Electricity:402.9-Gas:117.9-,
John,ixuacpa9,Pat White,user928@example.com,122650,Electricity:119.4-Gas:164.2-,
Jack,68kq3d01,Jill Brown,user929@example.com,734249,Electricity:215.5-Gas:463.5-,
Jill,0wqmopkf,Jack Taylor,user930@example.com,040638,Electricity:461.3-Gas:206.6-,
Mark,t19nla8h,John Harris,user931@example.com,784707,Electricity:443.8-Gas:165.4-,
Jill,g8fd45jj,Sam Jackson,user932@example.com,432134,Electricity:461.3-Gas:206.6-,
Alex,yvrtmvdi,Sam Wilson,user933@example.com,460687,Electricity:402.9-Gas:117.9-,
Max,5osbi5df,Alex White,user934@example.com,056906,Electricity:259.9-Gas:254.2-,
Jack,zwnda2ot,Chris Harris,user935@example.com,794365,Electricity:215.5-Gas:463.5-,
Max,ezho95zo,Jill Anderson,user936@example.com,397276,Electricity:259.9-Gas:254.2-,
Mark,nhu2qwdu,Jill Anderson,user937@example.com,893657,Electricity:443.8-Gas:165.4-,
Sam,cj21drc5,Mark Doe,user938@example.com,675768,Electricity:184.2-Gas:494.9-,
Pat,y6iuw57a,Lee Wilson,user939@example.com,100822,Electricity:208.8-Gas:383.0-,
Pat,kziskjs4,Jill Thomas,user940@example.com,942665,Electricity:208.8-Gas:383.0-,
Sam,60veafsg,Mark Thomas,user941@example.com,038067,Electricity:184.2-Gas:494.9-,
Pat,ydbo6bae,Mark Anderson,user942@example.com,235104,Electricity:208.8-Gas:383.0-,
Pat,91qq4la9,Alex Taylor,user943@example.com,341201,Electricity:208.8-Gas:383.0-,
Mark,jxbwppq4,Alex Brown,user944@example.com,519477,Electricity:443.8-Gas:165.4-,
Alex,ang7x6i5,Jack White,user945@example.com,979561,Electricity:402.9-Gas:117.9-,
John,6043poya,Alex Harris,user946@example.com,538347,Electricity:119.4-Gas:164.2-,
John,u5g45n69,Pat Jackson,user947@example.com,546591,Electricity:119.4-Gas:164.2-,
Sam,vnowy4cx,Jack Doe,user948@example.com,361884,Electricity:184.2-Gas:494.9-,
Jill,7weo4h22,Chris Jackson,user949@example.com,048158,Electricity:461.3-Gas:206.6-,
Sam,3kpukma9,Alex Harris,user950@example.com,223476,Electricity:184.2-Gas:494.9-,
Jack,wv6b0gr0,Lee Taylor,user951@example.com,614572,Electricity:215.5-Gas:463.5-,
Chris,u2kut4or,Pat Smith,user952@example.com,985468,Electricity:453.8-Gas:280.1-,
Jack,wml0btto,Chris Anderson,user953@example.com,607596,Electricity:215.5-Gas:463.5-,
Chris,xrb0avu5,Chris Thomas,user954@example.com,915609,Electricity:453.8-Gas:280.1-,
Pat,c7uahhdk,John Anderson,user955@example.com,899010,Electricity:208.8-Gas:383.0-,
Max,vxi4hfvt,Chris Harris,user956@example.com,661035,Electricity:259.9-Gas:254.2-,
Alex,k3w9ipl4,Jack Doe,user957@example.com,120089,Electricity:402.9-Gas:117.9-,
Chris,m1vw5dap,Jill Wilson,user958@example.com,041773,Electricity:453.8-Gas:280.1-,
John,m0w9jyen,Sam Doe,user959@example.com,582320,Electricity:119.4-Gas:164.2-,
Sam,wgz6u0ft,Jack Smith,user960@example.com,965648,Electricity:184.2-Gas:494.9-,
Mark,k8wzpqml,Pat Brown,user961@example.com,079797,Electricity:443.8-Gas:165.4-,
Jill,8au241ra,Sam Wilson,user962@example.com,236644,Electricity:461.3-Gas:206.6-,
John,5uawtumx,Lee Taylor,user963@example.com,549920,Electricity:119.4-Gas:164.2-,
Jack,tz7xhc5i,Mark Anderson,user964@example.com,167066,Electricity:215.5-Gas:463.5-,
Mark,n9b2t1io,John Taylor,user965@example.com,009359,Electricity:443.8-Gas:165.4-,
Sam,5mgl70wh,Max Smith,user966@example.com,169466,Electricity:184.2-Gas:494.9-,
John,t1hfuepk,Alex Doe,user967@example.com,229869,Electricity:119.4-Gas:164.2-,
John,p2s467w8,Alex Taylor,user968@example.com,756839,Electricity:119.4-Gas:164.2-,
Sam,gh5zr7on,John Taylor,user969@example.com,551191,Electricity:184.2-Gas:494.9-,
Alex,p7f4863n,John Thomas,user970@example.com,349700,Electricity:402.9-Gas:117.9-,
Alex,s0y4dts2,Sam Brown,user971@example.com,742823,Electricity:402.9-Gas:117.9-,
Max,y3oay0ii,Jack Brown,user972@example.com,944818,Electricity:259.9-Gas:254.2-,
John,wx3kp0s7,Pat Doe,user973@example.com,048880,Electricity:119.4-Gas:164.2-,
Alex,6zoybky0,Alex Anderson,user974@example.com,289219,Electricity:402.9-Gas:117.9-,
Jack,6osumgu4,Jack Thomas,user975@example.com,689677,Electricity:215.5-Gas:463.5-,
Alex,sa82ksy7,Jill Thomas,user976@example.com,061142,Electricity:402.9-Gas:117.9-,
Pat,dndu76ct,John Doe,user977@example.com,194829,Electricity:208.8-Gas:383.0-,
Chris,xabmc7hl,Sam Wilson,user978@example.com,569811,Electricity:453.8-Gas:280.1-,
Jack,z25jrv6c,Alex Harris,user979@example.com,453851,Electricity:215.5-Gas:463.5-,
Lee,ixcusdk3,Max Smith,user980@example.com,553335,Electricity:173.9-Gas:405.2-,
John,88lyd52j,Alex Thomas,user981@example.com,712070,Electricity:119.4-Gas:164.2-,
Jack,ieqef0fc,Pat Harris,user982@example.com,912530,Electricity:215.5-Gas:463.5-,
Alex,3vp1t5v7,Alex Thomas,user983@example.com,612636,Electricity:402.9-Gas:117.9-,
Alex,n862glzy,John Brown,user984@example.com,365772,Electricity:402.9-Gas:117.9-,
John,spip04k5,Jill Brown,user985@example.com,761129,Electricity:119.4-Gas:164.2-,
Alex,tv0c9g1v,Jill Taylor,user986@example.com,924931,Electricity:402.9-Gas:117.9-,
Pat,pdmpro83,Lee Brown,user987@example.com,800198,Electricity:208.8-Gas:383.0-,
Jack,wf24y2xl,Mark Thomas,user988@example.com,677741,Electricity:215.5-Gas:463.5-,
Lee,mg4gtl4u,Alex Jackson,user989@example.com,240924,Electricity:173.9-Gas:405.2-,
John,panbtckk,Alex Harris,user990@example.com,511055,Electricity:119.4-Gas:164.2-,
Alex,rj8xtf1l,Alex White,user991@example.com,749196,Electricity:402.9-Gas:117.9-,
Sam,2fk6ocmb,Chris Wilson,user992@example.com,760093,Electricity:184.2-Gas:494.9-,
Jack,czxwe6ba,Lee Smith,user993@example.com,879154,Electricity:215.5-Gas:463.5-,
Chris,5whhcni3,Jack Brown,user994@example.com,480661,Electricity:453.8-Gas:280.1-,
John,0i9mifkm,Mark Anderson,user995@example.com,856833,Electricity:119.4-Gas:164.2-,
Pat,jbxyq99b,Jack Taylor,user996@example.com,500848,Electricity:208.8-Gas:383.0-,
John,f1238z4o,Alex Smith,user997@example.com,802321,Electricity:119.4-Gas:164.2-,
Max,sqyhkgwk,Alex Doe,user998@example.com,180714,Electricity:259.9-Gas:254.2-,
Jill,lnhb0v0a,Jack Thomas,user999@example.com,472035,Electricity:461.3-Gas:206.6-,
